San+JoseCA4062,AnaheimCA4101,2.5
San+JoseCA4062,San+JoseCA4119,2
San+JoseCA4062,TacomaWA3251,6.5
San+JoseCA4062,RelayMD4110,8
San+JoseCA4062,AnaheimCA4099,8.5
San+JoseCA4062,San+JoseCA4112,2
San+JoseCA4062,San+JoseCA6742,4
San+JoseCA4062,San+JoseCA4095,2
San+JoseCA4062,San+JoseCA6405,2
San+JoseCA4062,San+JoseCA4132,4
San+JoseCA4062,ChicagoIL4037,9
AnaheimCA6490,AnaheimCA4101,2
AnaheimCA6490,AnaheimCA4099,8
ManasquanNJ4086,New+YorkNY4088,4.5
ManasquanNJ4086,Copenhagen4038,3
ManasquanNJ4086,ManasquanNJ4047,2
ManasquanNJ4086,RelayMD4110,4
AnaheimCA6564,AnaheimCA4099,8
AnaheimCA6564,AnaheimCA4101,2
AnaheimCA6564,AnaheimCA4031,2
AnaheimCA6564,AnaheimCA4073,3
AnaheimCA6564,AnaheimCA6721,2
AnaheimCA6564,AnaheimCA4100,2
DallasTX6566,DallasTX2635,3
DallasTX6566,DallasTX4015,3
DallasTX6566,DallasTX4080,3
DallasTX6566,New+YorkNY4028,2
DallasTX6566,DallasTX4115,2
WashingtonDC6456,WashingtonDC6736,3
WashingtonDC6456,WashingtonDC6543,2
WashingtonDC6456,WashingtonDC6415,2
WashingtonDC6456,RelayMD4110,2.5
WashingtonDC6456,RelayMD4093,2.5
WashingtonDC6456,WashingtonDC6393,3
WashingtonDC6456,RelayMD4054,2.5
TacomaWA6720,TacomaWA3251,1
DallasTX6494,DallasTX2635,2
DallasTX6494,DallasTX4015,2
DallasTX6494,New+YorkNY4028,3
DallasTX6494,DallasTX4080,2
DallasTX6494,DallasTX4115,3
RoachdaleIN6712,RoachdaleIN4111,2
RoachdaleIN6712,RoachdaleIN4056,2
London4083,London4044,2
London4083,BrusselsBelgium4033,2
London4083,ManasquanNJ4047,2.5
London4083,DublinIreland4078,1
London4083,New+YorkNY4022,9.5
London4084,New+YorkNY4024,9
London4084,BrusselsBelgium4033,8
London4084,ManasquanNJ4047,4.5
London4084,New+YorkNY4022,7.5
Research+Triangle+ParkNC4057,RelayMD4054,1
MilanItaly4046,MilanItaly4085,5
MilanItaly4046,Paris4090,2
Pearl+HarborHI4092,AnaheimCA4099,7
Pearl+HarborHI4092,Pearl+HarborHI6400,2.5
Pearl+HarborHI4092,Pearl+HarborHI4053,9.5
Pearl+HarborHI4092,StocktonCA4096,8.5
Pearl+HarborHI4092,Pearl+HarborHI6550,3
Pearl+HarborHI4092,AnaheimCA4100,16
Research+Triangle+ParkNC4058,AtlantaGA4074,1
TacomaWA4114,San+JoseCA4095,6.5
TacomaWA4114,TacomaWA6408,3
TacomaWA4114,TacomaWA3251,2
TacomaWA4114,CheyenneWY4076,5.5
TacomaWA4114,TacomaWA6555,2
TacomaWA4114,Tokyo4070,6
HamburgGermany4041,Copenhagen4038,4.5
HamburgGermany4041,Amsterdam4072,2
HamburgGermany4041,HamburgGermany4081,4
HamburgGermany4041,MunichGermany4087,1
AtlantaGA6565,AtlantaGA3957,2
AtlantaGA6565,AtlantaGA4032,2
RelayMD6551,RelayMD4093,2.5
RelayMD6551,RelayMD4110,2.5
RelayMD6551,RelayMD4054,2.5
DenverColorado5511,CheyenneWY4034,1
PennsaukenNJ6624,PennsaukenNJ4109,3
PennsaukenNJ6624,PennsaukenNJ4052,2
PennsaukenNJ6624,PennsaukenNJ4091,3
Lees+SummitMO5512,Kansas+CityMO4105,3.5
Lees+SummitMO5512,Kansas+CityMO4106,2
CheyenneWY6746,Kansas+CityMO6544,1
Rancho+CordovaCA5507,Rancho+CordovaCA5514,2.5
Rancho+CordovaCA5507,StocktonCA4113,2.5
Rancho+CordovaCA5507,StocktonCA4065,2.5
RelayMD6487,RelayMD4110,1
PennsaukenNJ6486,PennsaukenNJ4109,3
PennsaukenNJ6486,PennsaukenNJ4052,2
PennsaukenNJ6486,PennsaukenNJ4091,3
DallasTX6641,AtlantaGA3957,7.5
DallasTX6641,DallasTX2635,3
DallasTX6641,DallasTX4015,3
DallasTX6641,DallasTX4080,3
DallasTX6641,ChicagoIL6593,6.5
DallasTX6641,New+YorkNY4028,4
DallasTX6641,DallasTX4115,4
AnaheimCA4100,AnaheimCA4101,2
AnaheimCA4100,San+JoseCA4119,2.5
AnaheimCA4100,AnaheimCA6464,2
AnaheimCA4100,AnaheimCA6570,2
AnaheimCA4100,AnaheimCA6627,2
AnaheimCA4100,AnaheimCA4031,2
AnaheimCA4100,AnaheimCA6539,2
AnaheimCA4100,Pearl+HarborHI4053,7.5
AnaheimCA4100,AnaheimCA6556,3.5
AnaheimCA4100,AnaheimCA6564,2
AnaheimCA4100,AnaheimCA6744,2
AnaheimCA4100,AnaheimCA6591,4.5
AnaheimCA4100,DallasTX4133,2
AnaheimCA4100,AnaheimCA6584,2
AnaheimCA4100,Pearl+HarborHI4092,16
AnaheimCA4100,DallasTX6587,6
AnaheimCA4100,AnaheimCA6684,2
AnaheimCA4100,DallasTX4080,4
AnaheimCA4100,AnaheimCA4073,2
AnaheimCA4100,AnaheimCA6502,2.5
AnaheimCA4100,AnaheimCA6520,2
AnaheimCA4100,AnaheimCA6512,2
AnaheimCA4100,AnaheimCA4099,9
AnaheimCA4100,San+JoseCA4112,5.5
AnaheimCA4100,AnaheimCA6702,2
AnaheimCA4100,AnaheimCA6453,3
AnaheimCA4100,AnaheimCA6721,3
AnaheimCA4100,AnaheimCA6438,3.5
AnaheimCA4101,San+JoseCA4062,2.5
AnaheimCA4101,AnaheimCA6464,2
AnaheimCA4101,AnaheimCA6627,2
AnaheimCA4101,AnaheimCA6490,2
AnaheimCA4101,Pearl+HarborHI4053,7.5
AnaheimCA4101,AnaheimCA4031,2
AnaheimCA4101,AnaheimCA6539,2
AnaheimCA4101,AnaheimCA6564,2
AnaheimCA4101,AnaheimCA6556,2.5
AnaheimCA4101,AnaheimCA6744,3
AnaheimCA4101,AnaheimCA6591,2.5
AnaheimCA4101,AnaheimCA6584,2
AnaheimCA4101,AnaheimCA6684,3
AnaheimCA4101,DallasTX4080,7
AnaheimCA4101,AnaheimCA4073,2
AnaheimCA4101,DallasTX2635,4
AnaheimCA4101,AnaheimCA6502,2.5
AnaheimCA4101,AnaheimCA6520,2
AnaheimCA4101,AnaheimCA6512,2
AnaheimCA4101,AnaheimCA4099,9
AnaheimCA4101,AnaheimCA6702,2
AnaheimCA4101,AnaheimCA6721,2
AnaheimCA4101,AnaheimCA6453,2
AnaheimCA4101,AnaheimCA6438,2.5
AnaheimCA4101,AnaheimCA4100,2
Kansas+CityMO6707,Kansas+CityMO4082,2
Kansas+CityMO6707,Kansas+CityMO4043,2
Kansas+CityMO6707,Kansas+CityMO4105,3
Kansas+CityMO6707,Kansas+CityMO4106,2.5
AnaheimCA6570,AnaheimCA4031,2
AnaheimCA6570,AnaheimCA4100,2
DallasTX6645,DallasTX2635,3
DallasTX6645,DallasTX4015,3
DallasTX6645,New+YorkNY4028,2
DallasTX6645,DallasTX4080,3
DallasTX6645,DallasTX4115,2
AnaheimCA4031,AnaheimCA4101,2
AnaheimCA4031,AnaheimCA6464,2
AnaheimCA4031,AnaheimCA6570,2
AnaheimCA4031,AnaheimCA6627,2
AnaheimCA4031,AnaheimCA6539,2
AnaheimCA4031,AnaheimCA6556,2.5
AnaheimCA4031,AnaheimCA6564,2
AnaheimCA4031,New+YorkNY4028,6
AnaheimCA4031,DallasTX4115,4
AnaheimCA4031,AnaheimCA6744,3
AnaheimCA4031,Los+AngelesCA5502,1
AnaheimCA4031,AnaheimCA6578,1
AnaheimCA4031,AnaheimCA6684,3
AnaheimCA4031,AnaheimCA6502,2.5
AnaheimCA4031,AnaheimCA6512,2
AnaheimCA4031,AnaheimCA6520,2
AnaheimCA4031,AnaheimCA4099,8
AnaheimCA4031,San+JoseCA4112,2.5
AnaheimCA4031,AnaheimCA6702,2
AnaheimCA4031,AnaheimCA6453,2
AnaheimCA4031,AnaheimCA6721,2
AnaheimCA4031,AnaheimCA6438,2.5
AnaheimCA4031,AnaheimCA4100,2
DallasTX6573,DallasTX2635,3
DallasTX6573,DallasTX4015,3
DallasTX6573,New+YorkNY4028,2
DallasTX6573,DallasTX4080,3
DallasTX6573,DallasTX6558,5
DallasTX6573,DallasTX4115,2
DallasTX6573,RelayMD5801,15.5
WashingtonDC6393,WashingtonDC6443,3
WashingtonDC6393,WashingtonDC9643,3
WashingtonDC6393,WashingtonDC6469,4
WashingtonDC6393,WashingtonDC4139,3
WashingtonDC6393,WashingtonDC4140,3
WashingtonDC6393,WashingtonDC6456,3
WashingtonDC6393,WashingtonDC6748,3
WashingtonDC6393,WashingtonDC4142,2
ChicagoIL6492,ChicagoIL1391,2
ChicagoIL6492,ChicagoIL4122,2
ChicagoIL6492,ChicagoIL4036,2
ChicagoIL6492,ChicagoIL1484,2
ChicagoIL6492,ChicagoIL4037,2
ChicagoIL6492,ChicagoIL4104,2
ChicagoIL6639,ChicagoIL1391,2
ChicagoIL6639,ChicagoIL4122,3
ChicagoIL6639,ChicagoIL4036,2
ChicagoIL6639,ChicagoIL1484,2
ChicagoIL6639,ChicagoIL4037,2
ChicagoIL6639,ChicagoIL4104,2
AnaheimCA6578,AnaheimCA4031,1
WashingtonDC6469,WashingtonDC6415,3
WashingtonDC6469,RelayMD4110,2.5
WashingtonDC6469,RelayMD4093,2.5
WashingtonDC6469,WashingtonDC6393,4
WashingtonDC6469,RelayMD4054,2.5
RoachdaleIN4111,PennsaukenNJ4117,9
RoachdaleIN4111,RoachdaleIN6729,2
RoachdaleIN4111,RoachdaleIN6676,1
RoachdaleIN4111,RoachdaleIN4056,2
RoachdaleIN4111,ChicagoIL4104,6.5
RoachdaleIN4111,RoachdaleIN6712,2
RoachdaleIN4111,RoachdaleIN6552,2
RoachdaleIN4111,RoachdaleIN6697,2
RoachdaleIN4111,RoachdaleIN6402,2
RoachdaleIN4111,RoachdaleIN6636,2
RoachdaleIN4111,ChicagoIL4036,9.5
AtlantaGA4102,OrlandoFL4049,3
AtlantaGA4102,AtlantaGA6735,5
AtlantaGA4102,AtlantaGA4032,2
AtlantaGA4102,AtlantaGA6745,2
AtlantaGA4102,AtlantaGA2344,2
AtlantaGA4102,AtlantaGA6685,2
AtlantaGA4102,AtlantaGA2338,2
AtlantaGA4102,AtlantaGA6540,2
AtlantaGA4102,OrlandoFL4050,3.5
AtlantaGA4102,AtlantaGA2347,2
AtlantaGA4102,AtlantaGA4074,2
AtlantaGA4102,RelayMD4131,4
AtlantaGA4102,AtlantaGA6439,1
AtlantaGA4102,AtlantaGA6465,2
AtlantaGA4102,AtlantaGA6481,2
AtlantaGA4102,AtlantaGA6628,2
RoachdaleIN6729,RoachdaleIN4111,2
RoachdaleIN6729,RoachdaleIN4056,2
AtlantaGA4032,RelayMD4093,4
AtlantaGA4032,AtlantaGA6540,2
AtlantaGA4032,New+YorkNY4048,6.5
AtlantaGA4032,ChicagoIL4037,8
AtlantaGA4032,AtlantaGA6481,2
AtlantaGA4032,AtlantaGA6465,2
AtlantaGA4032,AtlantaGA4102,2
AtlantaGA4032,AtlantaGA6628,2
AtlantaGA4032,AtlantaGA6565,2
AtlantaGA4032,DallasTX2635,5.5
AtlantaGA4032,AtlantaGA6735,5
AtlantaGA4032,AtlantaGA3957,2
AtlantaGA4032,AtlantaGA6745,2
AtlantaGA4032,AtlantaGA2344,2
AtlantaGA4032,AtlantaGA6685,2
AtlantaGA4032,AtlantaGA2338,2
AtlantaGA4032,AtlantaGA2347,2
AtlantaGA4032,OrlandoFL4108,2
AtlantaGA4032,AtlantaGA4074,2
TacomaWA3251,San+JoseCA4062,6.5
TacomaWA3251,TacomaWA6408,3
TacomaWA3251,CheyenneWY4076,5.5
TacomaWA3251,TacomaWA6701,2
TacomaWA3251,SeattleWA4059,2
TacomaWA3251,TacomaWA6720,1
TacomaWA3251,SydneyAustralia4067,6.5
TacomaWA3251,CheyenneWY4034,5.5
TacomaWA3251,TacomaWA6555,2
TacomaWA3251,SeattleWA4060,3
TacomaWA3251,TacomaWA4114,2
TacomaWA3251,Tokyo4070,8
ChicagoIL1484,CheyenneWY4076,5
ChicagoIL1484,ChicagoIL6724,2
ChicagoIL1484,ChicagoIL6643,2
ChicagoIL1484,ChicagoIL6572,3
ChicagoIL1484,ChicagoIL4104,2
ChicagoIL1484,ChicagoIL6492,2
ChicagoIL1484,ChicagoIL6654,2
ChicagoIL1484,ChicagoIL6468,2
ChicagoIL1484,ChicagoIL6639,2
ChicagoIL1484,ChicagoIL4122,2
ChicagoIL1484,ChicagoIL6648,2
ChicagoIL1484,ChicagoIL6747,2
ChicagoIL1484,ChicagoIL6593,3
ChicagoIL1484,DallasTX4080,5.5
ChicagoIL1484,ChicagoIL6586,2
ChicagoIL1484,ChicagoIL4037,2
ChicagoIL1484,ChicagoIL6595,2
ChicagoIL1484,ChicagoIL6669,2
ChicagoIL1484,New+YorkNY4088,8.5
ChicagoIL1484,ChicagoIL1391,2
ChicagoIL1484,SpringfieldMA4023,5.5
ChicagoIL1484,CheyenneWY4034,8
ChicagoIL1484,ChicagoIL6414,2
ChicagoIL1484,AtlantaGA4074,8
ChicagoIL1484,ChicagoIL6441,2
ChicagoIL1484,ChicagoIL6603,2
ChicagoIL1484,ChicagoIL6611,2
ChicagoIL1484,ChicagoIL6531,2
ChicagoIL1484,ChicagoIL6621,2
OrlandoFL6459,OrlandoFL4049,2
OrlandoFL6459,OrlandoFL4050,4.5
New+YorkNY6427,New+YorkNY4088,3.5
New+YorkNY6427,New+YorkNY4048,2.5
New+YorkNY6427,New+YorkNY4107,2.5
New+YorkNY6427,New+YorkNY4116,2.5
New+YorkNY6427,New+YorkNY6496,2
Rancho+CordovaCA5514,Rancho+CordovaCA5507,2.5
Rancho+CordovaCA5514,StocktonCA4096,2
SeattleWA6476,SeattleWA4019,1
AnaheimCA6721,AnaheimCA4101,2
AnaheimCA6721,AnaheimCA6464,2
AnaheimCA6721,AnaheimCA6627,2
AnaheimCA6721,AnaheimCA4031,2
AnaheimCA6721,AnaheimCA6539,2
AnaheimCA6721,AnaheimCA6556,2
AnaheimCA6721,AnaheimCA6564,2
AnaheimCA6721,AnaheimCA6744,2
AnaheimCA6721,AnaheimCA6684,2
AnaheimCA6721,AnaheimCA4073,3
AnaheimCA6721,AnaheimCA6502,3.5
AnaheimCA6721,AnaheimCA6520,2
AnaheimCA6721,AnaheimCA6512,2
AnaheimCA6721,AnaheimCA6702,2
AnaheimCA6721,AnaheimCA6453,2
AnaheimCA6721,AnaheimCA6438,2
AnaheimCA6721,AnaheimCA4100,3
RelayMD4029,RelayMD4110,2
RelayMD4029,RelayMD4054,3
CheyenneWY4076,CheyenneWY6455,2
CheyenneWY4076,DenverColorado5501,1
CheyenneWY4076,CheyenneWY2439,2
CheyenneWY4076,CheyenneWY6723,2
CheyenneWY4076,TacomaWA3251,5.5
CheyenneWY4076,ChicagoIL1484,5
CheyenneWY4076,CheyenneWY6629,2
CheyenneWY4076,CheyenneWY6388,2
CheyenneWY4076,CheyenneWY6413,2
CheyenneWY4076,CheyenneWY4034,3
CheyenneWY4076,DallasTX4080,13.5
CheyenneWY4076,TacomaWA4114,5.5
CheyenneWY4076,CheyenneWY6542,2
DallasTX6726,DallasTX2635,3
DallasTX6726,DallasTX4015,3
DallasTX6726,DallasTX4080,3
DallasTX6726,New+YorkNY4028,2
DallasTX6726,DallasTX4115,2
DallasTX6580,DallasTX2635,3
DallasTX6580,DallasTX4015,3
DallasTX6580,DallasTX4080,2
DallasTX6580,New+YorkNY4028,3
DallasTX6580,DallasTX4115,2
WashingtonDC6543,WashingtonDC6443,2
WashingtonDC6543,WashingtonDC4139,2
WashingtonDC6543,WashingtonDC4140,2
WashingtonDC6543,WashingtonDC6456,2
WashingtonDC6543,WashingtonDC4142,2
WashingtonDC6543,WashingtonDC6748,2
BrusselsBelgium4033,London4044,5
BrusselsBelgium4033,London4084,8
BrusselsBelgium4033,BrusselsBelgium4075,2
BrusselsBelgium4033,London4083,2
ChicagoIL6643,AtlantaGA6735,13
ChicagoIL6643,ChicagoIL1484,2
ChicagoIL6643,ChicagoIL6644,5
StocktonCA6452,StocktonCA4064,3
StocktonCA6452,StocktonCA4113,3
StocktonCA6452,StocktonCA4065,3
StocktonCA6452,StocktonCA4096,3
DallasTX4115,PennsaukenNJ4135,9
DallasTX4115,DallasTX4015,2
DallasTX4115,DallasTX6580,2
DallasTX4115,DallasTX6726,2
DallasTX4115,DallasTX6645,2
DallasTX4115,DallasTX6483,2
DallasTX4115,AnaheimCA4031,4
DallasTX4115,DallasTX6573,2
DallasTX4115,DallasTX6566,2
DallasTX4115,Kansas+CityMO4105,4.5
DallasTX4115,DallasTX6494,3
DallasTX4115,DallasTX6737,2
DallasTX4115,OrlandoFL4089,6.5
DallasTX4115,DallasTX6587,2
DallasTX4115,DallasTX6749,3
DallasTX4115,ChicagoIL4123,1
DallasTX4115,DallasTX4080,2
DallasTX4115,DallasTX6598,4.5
DallasTX4115,DallasTX6689,3
DallasTX4115,DallasTX1742,2
DallasTX4115,ChicagoIL1391,5.5
DallasTX4115,DallasTX2635,2
DallasTX4115,DallasTX6504,3
DallasTX4115,DallasTX3549,2
DallasTX4115,DallasTX6604,3
DallasTX4115,DallasTX6612,3
DallasTX4115,DallasTX6419,2
DallasTX4115,DallasTX6622,2
DallasTX4115,DallasTX6444,2
DallasTX4115,DallasTX6641,4
DallasTX4115,DallasTX6706,3.5
DallasTX4115,DallasTX6471,2
ChicagoIL6644,ChicagoIL4037,4
ChicagoIL6644,ChicagoIL6643,5
Kansas+CityMO4105,Kansas+CityMO4082,3
Kansas+CityMO4105,PennsaukenNJ4117,12.5
Kansas+CityMO4105,DallasTX2635,5.5
Kansas+CityMO4105,Kansas+CityMO6544,4
Kansas+CityMO4105,Kansas+CityMO6472,4
Kansas+CityMO4105,Kansas+CityMO6707,3
Kansas+CityMO4105,Kansas+CityMO6458,4
Kansas+CityMO4105,New+YorkNY4028,6.5
Kansas+CityMO4105,DallasTX4115,4.5
Kansas+CityMO4105,Kansas+CityMO6395,3
Kansas+CityMO4105,Kansas+CityMO6422,2.5
Kansas+CityMO4105,Lees+SummitMO5512,3.5
Kansas+CityMO4105,Kansas+CityMO4043,3
Kansas+CityMO4105,Kansas+CityMO6690,4
ChicagoIL6572,ChicagoIL1484,3
ChicagoIL6572,ChicagoIL4037,2
Kansas+CityMO4106,Kansas+CityMO4082,2.5
Kansas+CityMO4106,PennsaukenNJ4117,12
Kansas+CityMO4106,DallasTX2635,5
Kansas+CityMO4106,Kansas+CityMO6544,2.5
Kansas+CityMO4106,Kansas+CityMO6472,3.5
Kansas+CityMO4106,Kansas+CityMO6707,2.5
Kansas+CityMO4106,Kansas+CityMO6458,3.5
Kansas+CityMO4106,Kansas+CityMO6395,2.5
Kansas+CityMO4106,Lees+SummitMO5512,2
Kansas+CityMO4106,Kansas+CityMO6422,2
Kansas+CityMO4106,Kansas+CityMO4043,2.5
Kansas+CityMO4106,Kansas+CityMO6690,2.5
ChicagoIL4104,New+YorkNY4116,11.5
ChicagoIL4104,SeattleWA4059,3.5
ChicagoIL4104,ChicagoIL6724,2
ChicagoIL4104,ChicagoIL6652,1
ChicagoIL4104,New+YorkNY4048,8.5
ChicagoIL4104,ChicagoIL6492,2
ChicagoIL4104,ChicagoIL6468,2
ChicagoIL4104,Kansas+CityMO4043,6
ChicagoIL4104,ChicagoIL6639,2
ChicagoIL4104,ChicagoIL4122,2
ChicagoIL4104,RoachdaleIN4111,6.5
ChicagoIL4104,ChicagoIL6747,2
ChicagoIL4104,ChicagoIL4036,2
ChicagoIL4104,ChicagoIL6593,3
ChicagoIL4104,DallasTX4080,7.5
ChicagoIL4104,ChicagoIL6586,2
ChicagoIL4104,ChicagoIL4037,2
ChicagoIL4104,ChicagoIL6595,2
ChicagoIL4104,ChicagoIL6669,2
ChicagoIL4104,ChicagoIL1391,2
ChicagoIL4104,DallasTX2635,5.5
ChicagoIL4104,ChicagoIL1484,2
ChicagoIL4104,CheyenneWY4034,5
ChicagoIL4104,ChicagoIL6414,2
ChicagoIL4104,ChicagoIL6441,2
ChicagoIL4104,ChicagoIL6603,2
ChicagoIL4104,ChicagoIL6611,2
ChicagoIL4104,ChicagoIL6531,2
ChicagoIL4104,ChicagoIL6621,2
DallasTX6658,DallasTX4015,2
DallasTX6658,DallasTX4080,2
AnaheimCA6584,AnaheimCA4099,10
AnaheimCA6584,AnaheimCA4101,2
AnaheimCA6584,AnaheimCA4100,2
ChicagoIL6648,ChicagoIL1484,2
ChicagoIL6648,ChicagoIL4037,2
DallasTX6587,DallasTX2635,2
DallasTX6587,DallasTX4015,2
DallasTX6587,New+YorkNY4028,3
DallasTX6587,DallasTX4080,2
DallasTX6587,DallasTX4115,2
DallasTX6587,AnaheimCA4100,6
San+JoseCA6405,San+JoseCA4062,2
San+JoseCA6405,San+JoseCA4095,3
ChicagoIL4036,ChicagoIL6724,2
ChicagoIL4036,ChicagoIL4104,2
ChicagoIL4036,ChicagoIL6492,2
ChicagoIL4036,ChicagoIL6468,2
ChicagoIL4036,ChicagoIL6639,2
ChicagoIL4036,ChicagoIL4122,2
ChicagoIL4036,RoachdaleIN4111,9.5
ChicagoIL4036,StocktonCA4113,12
ChicagoIL4036,ChicagoIL6593,3
ChicagoIL4036,ChicagoIL6747,2
ChicagoIL4036,DallasTX4080,5.5
ChicagoIL4036,ChicagoIL4037,2
ChicagoIL4036,ChicagoIL6586,2
ChicagoIL4036,ChicagoIL6595,2
ChicagoIL4036,ChicagoIL6669,2
ChicagoIL4036,ChicagoIL1391,2
ChicagoIL4036,SpringfieldMA4020,6
ChicagoIL4036,StocktonCA4065,11
ChicagoIL4036,ChicagoIL6414,2
ChicagoIL4036,ChicagoIL6611,2
ChicagoIL4036,ChicagoIL6441,2
ChicagoIL4036,ChicagoIL6603,3
ChicagoIL4036,ChicagoIL6531,2
ChicagoIL4036,ChicagoIL6621,2
ChicagoIL4037,San+JoseCA4062,9
ChicagoIL4037,New+YorkNY4124,7.5
ChicagoIL4037,ChicagoIL6724,2
ChicagoIL4037,ChicagoIL6644,4
ChicagoIL4037,ChicagoIL4104,2
ChicagoIL4037,ChicagoIL6572,2
ChicagoIL4037,ChicagoIL6654,2
ChicagoIL4037,ChicagoIL6492,2
ChicagoIL4037,ChicagoIL6468,2
ChicagoIL4037,Kansas+CityMO4043,6
ChicagoIL4037,ChicagoIL6639,2
ChicagoIL4037,ChicagoIL4122,2
ChicagoIL4037,ChicagoIL6648,2
ChicagoIL4037,ChicagoIL6747,2
ChicagoIL4037,ChicagoIL6593,4
ChicagoIL4037,ChicagoIL4036,2
ChicagoIL4037,DallasTX4080,7.5
ChicagoIL4037,ChicagoIL6586,2
ChicagoIL4037,ChicagoIL6595,2
ChicagoIL4037,ChicagoIL6669,2
ChicagoIL4037,AtlantaGA4032,8
ChicagoIL4037,ChicagoIL1484,2
ChicagoIL4037,RoachdaleIN4056,6.5
ChicagoIL4037,CheyenneWY4034,5
ChicagoIL4037,ChicagoIL6414,2
ChicagoIL4037,ChicagoIL6603,2
ChicagoIL4037,ChicagoIL6441,2
ChicagoIL4037,ChicagoIL6611,2
ChicagoIL4037,ChicagoIL6531,2
ChicagoIL4037,ChicagoIL6621,2
RoachdaleIN4056,PennsaukenNJ4125,8.5
RoachdaleIN4056,RoachdaleIN6729,2
RoachdaleIN4056,PennsaukenNJ4126,7.5
RoachdaleIN4056,RoachdaleIN6677,1
RoachdaleIN4056,RoachdaleIN6712,2
RoachdaleIN4056,RoachdaleIN6697,2
RoachdaleIN4056,RoachdaleIN6552,2
RoachdaleIN4056,RoachdaleIN6402,2
RoachdaleIN4056,RoachdaleIN4111,2
RoachdaleIN4056,RoachdaleIN6636,2
RoachdaleIN4056,ChicagoIL4037,6.5
RelayMD6576,RelayMD4093,2
RelayMD6576,RelayMD4127,2
SeattleWA4019,SeattleWA6476,1
SeattleWA4019,SeattleWA4059,3
SeattleWA4019,SeattleWA4060,2
SeattleWA4019,SeattleWA6450,1
PennsaukenNJ6647,PennsaukenNJ4135,1
StocktonCA6602,StocktonCA4064,2
StocktonCA6602,StocktonCA4096,2
PennsaukenNJ4109,PennsaukenNJ4052,2
PennsaukenNJ4109,PennsaukenNJ4117,2
PennsaukenNJ4109,New+YorkNY4107,6
PennsaukenNJ4109,DallasTX4015,9
PennsaukenNJ4109,PennsaukenNJ4135,2
PennsaukenNJ4109,New+YorkNY4116,6
PennsaukenNJ4109,PennsaukenNJ4091,2
PennsaukenNJ4109,PennsaukenNJ6516,3
PennsaukenNJ4109,PennsaukenNJ6614,3
PennsaukenNJ4109,PennsaukenNJ6525,3
PennsaukenNJ4109,PennsaukenNJ6517,2
PennsaukenNJ4109,PennsaukenNJ6624,3
PennsaukenNJ4109,PennsaukenNJ6448,3
PennsaukenNJ4109,StocktonCA4096,6.5
PennsaukenNJ4109,PennsaukenNJ6728,2
PennsaukenNJ4109,PennsaukenNJ6486,3
PennsaukenNJ4109,PennsaukenNJ6754,3
ChicagoIL6724,ChicagoIL1391,2
ChicagoIL6724,ChicagoIL1484,2
ChicagoIL6724,ChicagoIL4036,2
ChicagoIL6724,ChicagoIL4037,2
ChicagoIL6724,ChicagoIL4104,2
DallasTX6663,DallasTX2635,2
DallasTX6663,DallasTX4080,2
ChicagoIL6651,ChicagoIL4122,1
Amsterdam4072,Amsterdam4030,6
Amsterdam4072,HamburgGermany4041,2
DallasTX6737,DallasTX2635,2
DallasTX6737,DallasTX4015,2
DallasTX6737,DallasTX4080,2
DallasTX6737,New+YorkNY4028,5
DallasTX6737,DallasTX4115,2
ChicagoIL6652,ChicagoIL4104,1
AnaheimCA6591,AnaheimCA4101,2.5
AnaheimCA6591,AnaheimCA4099,7.5
AnaheimCA6591,AnaheimCA4100,4.5
ChicagoIL6654,ChicagoIL1484,2
ChicagoIL6654,ChicagoIL4037,2
StocktonCA6609,StocktonCA4113,4.5
StocktonCA6609,StocktonCA4096,2.5
StocktonCA6609,StocktonCA4065,2.5
StocktonCA6463,StocktonCA4113,3.5
StocktonCA6463,StocktonCA4064,2.5
StocktonCA6463,StocktonCA4096,2.5
StocktonCA6463,StocktonCA4065,2.5
San+JoseCA4095,San+JoseCA4062,2
San+JoseCA4095,San+JoseCA4119,2
San+JoseCA4095,StocktonCA4065,5
San+JoseCA4095,San+JoseCA4112,2
San+JoseCA4095,San+JoseCA6477,1
San+JoseCA4095,San+JoseCA6405,3
San+JoseCA4095,StocktonCA4113,6
San+JoseCA4095,AnaheimCA4073,2.5
San+JoseCA4095,TacomaWA4114,6.5
Kansas+CityMO4043,Kansas+CityMO4082,2
Kansas+CityMO4043,Kansas+CityMO6544,2
Kansas+CityMO4043,DallasTX4015,5.5
Kansas+CityMO4043,Kansas+CityMO6472,2
Kansas+CityMO4043,Kansas+CityMO6707,2
Kansas+CityMO4043,Kansas+CityMO6458,3
Kansas+CityMO4043,Kansas+CityMO6750,2
Kansas+CityMO4043,Kansas+CityMO6395,2
Kansas+CityMO4043,Kansas+CityMO4105,3
Kansas+CityMO4043,Kansas+CityMO4106,2.5
Kansas+CityMO4043,ChicagoIL4104,6
Kansas+CityMO4043,Lees+SummitMO5504,1
Kansas+CityMO4043,Kansas+CityMO6690,2
Kansas+CityMO4043,SeattleWA4060,6.5
Kansas+CityMO4043,ChicagoIL4037,6
DallasTX6598,DallasTX2635,3.5
DallasTX6598,AtlantaGA6735,7
DallasTX6598,DallasTX4015,3.5
DallasTX6598,DallasTX4080,3.5
DallasTX6598,ChicagoIL6593,6
DallasTX6598,New+YorkNY4028,6.5
DallasTX6598,Kansas+CityMO6458,7
DallasTX6598,DallasTX4115,4.5
ChicagoIL6586,ChicagoIL1391,3
ChicagoIL6586,ChicagoIL4036,2
ChicagoIL6586,ChicagoIL1484,2
ChicagoIL6586,ChicagoIL4037,2
ChicagoIL6586,ChicagoIL4104,2
AtlantaGA6735,AtlantaGA4032,5
AtlantaGA6735,AtlantaGA4074,5
AtlantaGA6735,ChicagoIL6643,13
AtlantaGA6735,DallasTX6598,7
AtlantaGA6735,AtlantaGA4102,5
Hong+Kong4042,Hong+Kong6421,12.5
Hong+Kong4042,Tokyo4069,4.5
Hong+Kong4042,Tokyo4070,2
RoachdaleIN6676,RoachdaleIN4111,1
RoachdaleIN6677,RoachdaleIN4056,1
RelayMD4110,New+YorkNY4048,5.5
RelayMD4110,WashingtonDC6443,2.5
RelayMD4110,RelayMD4136,2
RelayMD4110,San+JoseCA4062,8
RelayMD4110,WashingtonDC9643,2.5
RelayMD4110,WashingtonDC6469,2.5
RelayMD4110,RelayMD6461,2.5
RelayMD4110,RelayMD6518,2.5
RelayMD4110,RelayMD4138,2
RelayMD4110,AtlantaGA4074,4
RelayMD4110,RelayMD4131,2
RelayMD4110,New+YorkNY4116,7.5
RelayMD4110,RelayMD6551,2.5
RelayMD4110,WashingtonDC4139,2.5
RelayMD4110,ManasquanNJ4086,4
RelayMD4110,RelayMD6431,2.5
RelayMD4110,WashingtonDC4140,2.5
RelayMD4110,RelayMD6487,1
RelayMD4110,RelayMD6696,2.5
RelayMD4110,WashingtonDC6456,2.5
RelayMD4110,RelayMD6675,2.5
RelayMD4110,RelayMD4118,2
RelayMD4110,RelayMD4029,2
RelayMD4110,RelayMD4093,2
RelayMD4110,RelayMD6449,2.5
RelayMD4110,RelayMD5801,3
RelayMD4110,WashingtonDC6748,2.5
New+YorkNY6446,New+YorkNY4088,3
New+YorkNY6446,New+YorkNY4048,2
New+YorkNY6446,New+YorkNY4107,3
New+YorkNY6446,New+YorkNY4116,3
New+YorkNY6446,New+YorkNY6496,2.5
PennsaukenNJ6728,PennsaukenNJ4052,2
PennsaukenNJ6728,PennsaukenNJ4109,2
PennsaukenNJ6728,PennsaukenNJ4091,3
RelayMD4118,RelayMD4110,2
RelayMD4118,RelayMD4093,2
RelayMD4118,PennsaukenNJ4091,4.5
RelayMD4118,RelayMD4054,2
RelayMD4118,RelayMD4127,2
DublinIreland4078,London4083,1
PennsaukenNJ4117,PennsaukenNJ4109,2
PennsaukenNJ4117,PennsaukenNJ4126,4.5
PennsaukenNJ4117,PennsaukenNJ4135,2
PennsaukenNJ4117,RoachdaleIN4111,9
PennsaukenNJ4117,Kansas+CityMO4105,12.5
PennsaukenNJ4117,Kansas+CityMO4106,12
PennsaukenNJ4117,PennsaukenNJ4091,4
SydneyAustralia6437,SydneyAustralia4067,4
SydneyAustralia6437,SydneyAustralia4068,2
AnaheimCA6744,AnaheimCA4101,3
AnaheimCA6744,AnaheimCA4099,8
AnaheimCA6744,AnaheimCA4031,3
AnaheimCA6744,AnaheimCA4073,3
AnaheimCA6744,AnaheimCA6721,2
AnaheimCA6744,AnaheimCA4100,2
Los+AngelesCA5502,AnaheimCA4031,1
CheyenneWY6413,CheyenneWY4034,2
CheyenneWY6413,CheyenneWY4076,2
CheyenneWY6413,AtlantaGA6530,1
DallasTX4133,AnaheimCA4099,8
DallasTX4133,DallasTX2635,4
DallasTX4133,AnaheimCA4100,2
ChicagoIL4122,ChicagoIL1391,2
ChicagoIL4122,ChicagoIL1484,2
ChicagoIL4122,ChicagoIL6651,1
ChicagoIL4122,SpringfieldMA4025,5
ChicagoIL4122,ChicagoIL4104,2
ChicagoIL4122,ChicagoIL6492,2
ChicagoIL4122,ChicagoIL6639,3
ChicagoIL4122,ChicagoIL6414,2
ChicagoIL4122,ChicagoIL4036,2
ChicagoIL4122,ChicagoIL6611,2
ChicagoIL4122,ChicagoIL4037,2
ChicagoIL4122,ChicagoIL6621,2
DallasTX6749,DallasTX4015,3
DallasTX6749,DallasTX4080,3
DallasTX6749,New+YorkNY4028,2
DallasTX6749,DallasTX4115,3
StocktonCA6619,StocktonCA4113,4.5
StocktonCA6619,StocktonCA4096,2.5
StocktonCA6619,StocktonCA4065,2.5
ChicagoIL4123,DallasTX4115,1
ChicagoIL6593,ChicagoIL1391,2
ChicagoIL6593,ChicagoIL1484,3
ChicagoIL6593,DallasTX4080,8.5
ChicagoIL6593,ChicagoIL4036,3
ChicagoIL6593,ChicagoIL4037,4
ChicagoIL6593,DallasTX6598,6
ChicagoIL6593,ChicagoIL4104,3
ChicagoIL6593,DallasTX6641,6.5
ChicagoIL6595,ChicagoIL1391,3
ChicagoIL6595,ChicagoIL4036,2
ChicagoIL6595,ChicagoIL1484,2
ChicagoIL6595,ChicagoIL4037,2
ChicagoIL6595,ChicagoIL4104,2
ChicagoIL6669,ChicagoIL1391,2
ChicagoIL6669,ChicagoIL1484,2
ChicagoIL6669,ChicagoIL4036,2
ChicagoIL6669,ChicagoIL4037,2
ChicagoIL6669,ChicagoIL4104,2
StocktonCA6479,StocktonCA4113,3.5
StocktonCA6479,StocktonCA4064,2.5
StocktonCA6479,StocktonCA4065,2.5
StocktonCA6479,StocktonCA4096,2.5
MilanItaly4085,MilanItaly4046,5
MilanItaly4085,Frankfurt4040,2
AtlantaGA6745,AtlantaGA4032,2
AtlantaGA6745,AtlantaGA4074,2
AtlantaGA6745,AtlantaGA4102,2
HamburgGermany4081,Copenhagen4077,6.5
HamburgGermany4081,HamburgGermany4041,4
HamburgGermany4081,Frankfurt4040,3
New+YorkNY6524,New+YorkNY4088,2.5
New+YorkNY6524,New+YorkNY4129,2.5
RelayMD4054,WashingtonDC6443,2.5
RelayMD4054,RelayMD4136,2
RelayMD4054,RestonVA5496,2
RelayMD4054,New+YorkNY4107,7.5
RelayMD4054,RelayMD4138,2
RelayMD4054,RelayMD6696,2.5
RelayMD4054,WashingtonDC6456,2.5
RelayMD4054,New+YorkNY4129,3.5
RelayMD4054,Research+Triangle+ParkNC4057,1
RelayMD4054,WashingtonDC6469,2.5
RelayMD4054,WashingtonDC4140,2.5
RelayMD4054,RelayMD6431,2.5
RelayMD4054,WashingtonDC6748,2.5
RelayMD4054,RelayMD6461,2.5
RelayMD4054,RelayMD6518,2.5
RelayMD4054,WashingtonDC9643,2.5
RelayMD4054,WashingtonDC4139,2.5
RelayMD4054,RelayMD6551,2.5
RelayMD4054,RelayMD6449,2.5
RelayMD4054,RelayMD4131,2
RelayMD4054,ManasquanNJ4047,4
RelayMD4054,RelayMD4029,3
RelayMD4054,RelayMD4118,2
RelayMD4054,RelayMD6675,2.5
RelayMD4054,RelayMD4127,2
RelayMD4127,RelayMD4136,3
RelayMD4127,RelayMD4131,2
RelayMD4127,RelayMD6576,2
RelayMD4127,AshburnVA10163,2
RelayMD4127,RelayMD4093,2
RelayMD4127,RelayMD4118,2
RelayMD4127,RelayMD4054,2
PennsaukenNJ4052,PennsaukenNJ4109,2
PennsaukenNJ4052,PennsaukenNJ4126,3.5
PennsaukenNJ4052,PennsaukenNJ6399,1
PennsaukenNJ4052,PennsaukenNJ4091,2
PennsaukenNJ4052,New+YorkNY4048,6
PennsaukenNJ4052,Kansas+CityMO4082,12.5
PennsaukenNJ4052,PennsaukenNJ6516,2
PennsaukenNJ4052,StocktonCA4064,7.5
PennsaukenNJ4052,PennsaukenNJ6517,2
PennsaukenNJ4052,PennsaukenNJ6525,2
PennsaukenNJ4052,PennsaukenNJ6614,2
PennsaukenNJ4052,PennsaukenNJ6624,2
PennsaukenNJ4052,PennsaukenNJ6448,2
PennsaukenNJ4052,PennsaukenNJ6728,2
PennsaukenNJ4052,PennsaukenNJ6486,2
PennsaukenNJ4052,PennsaukenNJ6754,2
PennsaukenNJ4125,SpringfieldMA4020,2
PennsaukenNJ4125,RoachdaleIN4056,8.5
PennsaukenNJ4125,PennsaukenNJ4091,6.5
TacomaWA6408,TacomaWA3251,3
TacomaWA6408,TacomaWA6555,2
TacomaWA6408,TacomaWA4114,3
PennsaukenNJ4126,PennsaukenNJ4052,3.5
PennsaukenNJ4126,PennsaukenNJ4117,4.5
PennsaukenNJ4126,SpringfieldMA4020,2
PennsaukenNJ4126,PennsaukenNJ4135,3.5
PennsaukenNJ4126,RoachdaleIN4056,7.5
PennsaukenNJ4126,PennsaukenNJ4091,5.5
DallasTX6683,DallasTX2635,2
DallasTX6683,DallasTX4080,2
AnaheimCA6684,AnaheimCA4101,3
AnaheimCA6684,AnaheimCA4031,3
AnaheimCA6684,AnaheimCA4073,3
AnaheimCA6684,AnaheimCA6721,2
AnaheimCA6684,AnaheimCA4100,2
ChicagoIL6747,ChicagoIL1391,2
ChicagoIL6747,ChicagoIL1484,2
ChicagoIL6747,ChicagoIL4036,2
ChicagoIL6747,ChicagoIL4037,2
ChicagoIL6747,ChicagoIL4104,2
AnaheimCA4073,AnaheimCA4101,2
AnaheimCA4073,AnaheimCA6464,3
AnaheimCA4073,DallasTX4015,4
AnaheimCA4073,AnaheimCA6627,3
AnaheimCA4073,AnaheimCA6539,3
AnaheimCA4073,AnaheimCA6556,3.5
AnaheimCA4073,AnaheimCA6564,3
AnaheimCA4073,AnaheimCA6744,3
AnaheimCA4073,San+JoseCA4095,2.5
AnaheimCA4073,AnaheimCA6684,3
AnaheimCA4073,AnaheimCA6502,3.5
AnaheimCA4073,AnaheimCA6512,3
AnaheimCA4073,AnaheimCA6520,3
AnaheimCA4073,AnaheimCA6610,1
AnaheimCA4073,AnaheimCA4099,8
AnaheimCA4073,AnaheimCA6702,2
AnaheimCA4073,AnaheimCA6453,3
AnaheimCA4073,AnaheimCA6721,3
AnaheimCA4073,AnaheimCA4100,2
AnaheimCA4073,AnaheimCA6438,3.5
DallasTX6689,DallasTX2635,3
DallasTX6689,DallasTX4015,2
DallasTX6689,DallasTX4080,3
DallasTX6689,New+YorkNY4028,3
DallasTX6689,DallasTX4115,3
DallasTX1742,DallasTX2635,3
DallasTX1742,DallasTX4015,3
DallasTX1742,DallasTX4080,3
DallasTX1742,New+YorkNY4028,2
DallasTX1742,DallasTX4115,2
New+YorkNY6605,New+YorkNY6606,3
New+YorkNY6605,New+YorkNY4124,2
New+YorkNY6605,New+YorkNY4116,2
New+YorkNY6532,New+YorkNY4088,2.5
New+YorkNY6532,New+YorkNY4048,2.5
New+YorkNY6532,New+YorkNY4107,2.5
New+YorkNY6532,New+YorkNY4116,2.5
AtlantaGA6685,AtlantaGA4032,2
AtlantaGA6685,AtlantaGA4074,2
AtlantaGA6685,AtlantaGA4102,2
New+YorkNY6606,New+YorkNY4116,3
New+YorkNY6606,New+YorkNY4124,3
New+YorkNY6606,New+YorkNY6605,3
RoachdaleIN6697,RoachdaleIN4111,2
RoachdaleIN6697,RoachdaleIN4056,2
RoachdaleIN6402,RoachdaleIN4111,2
RoachdaleIN6402,RoachdaleIN4056,2
AtlantaGA4074,OrlandoFL4049,4
AtlantaGA4074,DallasTX4015,5.5
AtlantaGA4074,AtlantaGA6540,2
AtlantaGA4074,Research+Triangle+ParkNC4058,1
AtlantaGA4074,AtlantaGA4102,2
AtlantaGA4074,AtlantaGA6465,2
AtlantaGA4074,AtlantaGA6481,2
AtlantaGA4074,AtlantaGA6628,2
AtlantaGA4074,New+YorkNY4088,6.5
AtlantaGA4074,AtlantaGA6735,5
AtlantaGA4074,AtlantaGA4032,2
AtlantaGA4074,AtlantaGA3957,2
AtlantaGA4074,AtlantaGA6745,2
AtlantaGA4074,ChicagoIL1484,8
AtlantaGA4074,AtlantaGA2344,2
AtlantaGA4074,RelayMD4110,4
AtlantaGA4074,AtlantaGA6685,2
AtlantaGA4074,AtlantaGA2338,2
AtlantaGA4074,AtlantaGA2347,2
AtlantaGA4074,OrlandoFL4050,3.5
RelayMD4131,RelayMD4136,2
RelayMD4131,New+YorkNY6397,9
RelayMD4131,AshburnVA10162,1
RelayMD4131,RelayMD4110,2
RelayMD4131,RelayMD4093,2
RelayMD4131,AtlantaGA4102,4
RelayMD4131,RelayMD4127,2
RelayMD4131,RelayMD4054,2
Paris4051,Paris4090,2
Paris4051,Frankfurt4079,2
RelayMD6675,RelayMD4110,2.5
RelayMD6675,RelayMD4093,2.5
RelayMD6675,RelayMD4054,2.5
RelayMD4136,RelayMD4131,2
RelayMD4136,AshburnVA10163,2
RelayMD4136,RelayMD4110,2
RelayMD4136,RelayMD5801,2
RelayMD4136,RelayMD4054,2
RelayMD4136,RelayMD4127,3
New+YorkNY6397,New+YorkNY4088,2.5
New+YorkNY6397,New+YorkNY4048,2.5
New+YorkNY6397,New+YorkNY4107,2.5
New+YorkNY6397,New+YorkNY4116,2.5
New+YorkNY6397,RelayMD4131,9
PennsaukenNJ4135,PennsaukenNJ4109,2
PennsaukenNJ4135,PennsaukenNJ4117,2
PennsaukenNJ4135,PennsaukenNJ4126,3.5
PennsaukenNJ4135,New+YorkNY4028,11
PennsaukenNJ4135,PennsaukenNJ6647,1
PennsaukenNJ4135,DallasTX4115,9
PennsaukenNJ4135,RelayMD4093,8.5
PennsaukenNJ4135,PennsaukenNJ4091,2
RelayMD4138,AshburnVA10161,1
RelayMD4138,RelayMD4093,2
RelayMD4138,RelayMD4110,2
RelayMD4138,RelayMD4054,2
Kansas+CityMO6750,Kansas+CityMO4082,2
Kansas+CityMO6750,Kansas+CityMO4043,2
StocktonCA6563,StocktonCA4113,4.5
StocktonCA6563,StocktonCA4064,2.5
StocktonCA6563,StocktonCA4096,2.5
StocktonCA6563,StocktonCA4065,2.5
DallasTX4080,RichardsonTX5500,2
DallasTX4080,San+JoseCA4119,7.5
DallasTX4080,CheyenneWY4076,13.5
DallasTX4080,DallasTX6580,2
DallasTX4080,DallasTX6726,3
DallasTX4080,DallasTX6566,3
DallasTX4080,DallasTX4115,2
DallasTX4080,DallasTX6494,2
DallasTX4080,ChicagoIL4104,7.5
DallasTX4080,DallasTX6658,2
DallasTX4080,DallasTX6749,3
DallasTX4080,DallasTX6587,2
DallasTX4080,ChicagoIL4036,5.5
DallasTX4080,ChicagoIL6593,8.5
DallasTX4080,ChicagoIL4037,7.5
DallasTX4080,DallasTX6604,3
DallasTX4080,DallasTX6622,3
DallasTX4080,DallasTX6444,2
DallasTX4080,DallasTX6641,3
DallasTX4080,AnaheimCA4100,4
DallasTX4080,AnaheimCA4101,7
DallasTX4080,DallasTX4015,2
DallasTX4080,DallasTX6645,3
DallasTX4080,DallasTX6483,3
DallasTX4080,New+YorkNY4028,4
DallasTX4080,DallasTX6573,3
DallasTX4080,DallasTX6663,2
DallasTX4080,DallasTX6558,2
DallasTX4080,DallasTX6737,2
DallasTX4080,DallasTX6683,2
DallasTX4080,DallasTX6598,3.5
DallasTX4080,DallasTX1742,3
DallasTX4080,DallasTX6689,3
DallasTX4080,Kansas+CityMO4082,5.5
DallasTX4080,DallasTX2635,2
DallasTX4080,ChicagoIL1484,5.5
DallasTX4080,AnaheimCA6502,7.5
DallasTX4080,DallasTX6504,4
DallasTX4080,DallasTX3549,2
DallasTX4080,AnaheimCA4099,12
DallasTX4080,DallasTX6612,2
DallasTX4080,DallasTX6419,3
DallasTX4080,ChicagoIL6441,7.5
DallasTX4080,DallasTX6471,2
DallasTX4080,DallasTX6706,2.5
BrusselsBelgium4075,Amsterdam4030,2
BrusselsBelgium4075,BrusselsBelgium4033,2
StocktonCA6569,StocktonCA4113,3.5
StocktonCA6569,StocktonCA4064,2.5
StocktonCA6569,StocktonCA4096,2.5
StocktonCA6569,StocktonCA4065,2.5
OrlandoFL4108,OrlandoFL4089,2
OrlandoFL4108,OrlandoFL4049,3
OrlandoFL4108,OrlandoFL6429,4
OrlandoFL4108,AtlantaGA4032,2
OrlandoFL4108,OrlandoFL4050,3.5
OrlandoFL4108,OrlandoFL6693,4.5
PennsaukenNJ6754,PennsaukenNJ4052,2
PennsaukenNJ6754,PennsaukenNJ4109,3
PennsaukenNJ6754,PennsaukenNJ4091,3
SeattleWA4059,TacomaWA3251,2
SeattleWA4059,SeattleWA4019,3
SeattleWA4059,SeattleWA6432,3
SeattleWA4059,SeattleWA4060,2
SeattleWA4059,ChicagoIL4104,3.5
WashingtonDC6736,WashingtonDC6443,3
WashingtonDC6736,WashingtonDC9643,4
WashingtonDC6736,WashingtonDC4139,3
WashingtonDC6736,WashingtonDC4140,3
WashingtonDC6736,WashingtonDC6456,3
WashingtonDC6736,WashingtonDC4142,2
WashingtonDC6736,WashingtonDC6748,3
Kansas+CityMO6690,Kansas+CityMO4082,2
Kansas+CityMO6690,Kansas+CityMO4043,2
Kansas+CityMO6690,Kansas+CityMO6472,2
Kansas+CityMO6690,DallasTX4015,9.5
Kansas+CityMO6690,Kansas+CityMO4105,4
Kansas+CityMO6690,Kansas+CityMO4106,2.5
StocktonCA6719,StocktonCA4113,3.5
StocktonCA6719,StocktonCA4064,2.5
StocktonCA6719,StocktonCA4096,2.5
StocktonCA6719,StocktonCA4065,2.5
Kansas+CityMO4082,PennsaukenNJ4052,12.5
Kansas+CityMO4082,Kansas+CityMO6544,2
Kansas+CityMO4082,Kansas+CityMO6472,2
Kansas+CityMO4082,Kansas+CityMO6707,2
Kansas+CityMO4082,Kansas+CityMO6458,3
Kansas+CityMO4082,Kansas+CityMO6750,2
Kansas+CityMO4082,Kansas+CityMO6395,2
Kansas+CityMO4082,Kansas+CityMO4105,3
Kansas+CityMO4082,Lees+SummitMO5503,1
Kansas+CityMO4082,Kansas+CityMO4106,2.5
Kansas+CityMO4082,Kansas+CityMO6422,2.5
Kansas+CityMO4082,Lees+SummitMO5505,1
Kansas+CityMO4082,Kansas+CityMO4043,2
Kansas+CityMO4082,Kansas+CityMO6690,2
Kansas+CityMO4082,DallasTX4080,5.5
StocktonCA6577,StocktonCA4113,2.5
StocktonCA6577,StocktonCA4064,3.5
StocktonCA6577,StocktonCA4096,2.5
StocktonCA6577,StocktonCA4065,2.5
DallasTX2635,DallasTX6580,3
DallasTX2635,DallasTX6726,3
DallasTX2635,DallasTX6566,3
DallasTX2635,DallasTX4115,2
DallasTX2635,Kansas+CityMO4105,5.5
DallasTX2635,DallasTX6494,2
DallasTX2635,Kansas+CityMO4106,5
DallasTX2635,ChicagoIL4104,5.5
DallasTX2635,DallasTX4133,4
DallasTX2635,DallasTX6587,2
DallasTX2635,DallasTX4080,2
DallasTX2635,DallasTX6604,4
DallasTX2635,DallasTX6444,3
DallasTX2635,DallasTX6622,3
DallasTX2635,DallasTX6641,3
DallasTX2635,AnaheimCA4101,4
DallasTX2635,DallasTX4015,2
DallasTX2635,DallasTX6645,3
DallasTX2635,DallasTX6483,3
DallasTX2635,New+YorkNY4028,4
DallasTX2635,DallasTX6573,3
DallasTX2635,DallasTX6663,2
DallasTX2635,DallasTX6737,2
DallasTX2635,DallasTX6683,2
DallasTX2635,DallasTX6598,3.5
DallasTX2635,DallasTX1742,3
DallasTX2635,DallasTX6689,3
DallasTX2635,AtlantaGA4032,5.5
DallasTX2635,DallasTX6504,3
DallasTX2635,AnaheimCA4099,10
DallasTX2635,DallasTX3549,3
DallasTX2635,DallasTX6612,2
DallasTX2635,DallasTX6419,3
DallasTX2635,DallasTX6471,2
DallasTX2635,DallasTX6706,2.5
WashingtonDC9643,WashingtonDC6736,4
WashingtonDC9643,WashingtonDC6415,3
WashingtonDC9643,RelayMD4110,2.5
WashingtonDC9643,RelayMD4093,2.5
WashingtonDC9643,WashingtonDC6393,3
WashingtonDC9643,RelayMD4054,2.5
Pearl+HarborHI6550,Pearl+HarborHI4092,3
Pearl+HarborHI6550,Pearl+HarborHI4053,7.5
AnaheimCA4099,AnaheimCA4101,9
AnaheimCA4099,San+JoseCA4062,8.5
AnaheimCA4099,AnaheimCA6627,8
AnaheimCA4099,AnaheimCA4031,8
AnaheimCA4099,AnaheimCA6539,8
AnaheimCA4099,AnaheimCA6490,8
AnaheimCA4099,AnaheimCA6564,8
AnaheimCA4099,AnaheimCA6556,7.5
AnaheimCA4099,AnaheimCA6744,8
AnaheimCA4099,DallasTX4133,8
AnaheimCA4099,AnaheimCA6591,7.5
AnaheimCA4099,AnaheimCA6584,10
AnaheimCA4099,Pearl+HarborHI4092,7
AnaheimCA4099,DallasTX4080,12
AnaheimCA4099,AnaheimCA4073,8
AnaheimCA4099,DallasTX2635,10
AnaheimCA4099,AnaheimCA6502,7.5
AnaheimCA4099,AnaheimCA6512,9
AnaheimCA4099,AnaheimCA6520,9
AnaheimCA4099,AnaheimCA6702,8
AnaheimCA4099,AnaheimCA6453,9
AnaheimCA4099,AnaheimCA6438,7.5
AnaheimCA4099,AnaheimCA4100,9
Copenhagen4038,Copenhagen4077,2
Copenhagen4038,StockholmSweden4066,5
Copenhagen4038,ManasquanNJ4086,3
Copenhagen4038,HamburgGermany4041,4.5
DallasTX6419,DallasTX2635,3
DallasTX6419,DallasTX4015,3
DallasTX6419,DallasTX4080,3
DallasTX6419,New+YorkNY4028,2
DallasTX6419,DallasTX4115,2
SeattleWA4060,Kansas+CityMO4043,6.5
SeattleWA4060,TacomaWA3251,3
SeattleWA4060,SeattleWA4059,2
SeattleWA4060,SeattleWA4019,2
SeattleWA4060,SeattleWA6432,2
OrlandoFL4049,OrlandoFL6429,2
OrlandoFL4049,OrlandoFL4089,3
OrlandoFL4049,DallasTX4015,7.5
OrlandoFL4049,OrlandoFL4108,3
OrlandoFL4049,AtlantaGA4074,4
OrlandoFL4049,OrlandoFL6459,2
OrlandoFL4049,OrlandoFL6693,2.5
OrlandoFL4049,AtlantaGA4102,3
New+YorkNY4017,New+YorkNY4048,2.5
New+YorkNY4017,London4045,9
New+YorkNY4017,New+YorkNY4134,2.5
New+YorkNY6559,New+YorkNY4088,3
New+YorkNY6559,New+YorkNY4048,2
New+YorkNY6559,New+YorkNY4107,3
New+YorkNY6559,New+YorkNY4116,3
RelayMD6696,RelayMD4110,2.5
RelayMD6696,RelayMD4093,2.5
RelayMD6696,RelayMD4054,2.5
StocktonCA4113,StocktonCA6407,3.5
StocktonCA4113,StocktonCA6452,3
StocktonCA4113,PennsaukenNJ4091,8.5
StocktonCA4113,StocktonCA6463,3.5
StocktonCA4113,StocktonCA6609,4.5
StocktonCA4113,San+JoseCA4095,6
StocktonCA4113,StocktonCA6619,4.5
StocktonCA4113,StocktonCA6563,4.5
StocktonCA4113,ChicagoIL4036,12
StocktonCA4113,StocktonCA6719,3.5
StocktonCA4113,StocktonCA6590,3.5
StocktonCA4113,StocktonCA3402,6
StocktonCA4113,StocktonCA6583,3
StocktonCA4113,StocktonCA6479,3.5
StocktonCA4113,StocktonCA6577,2.5
StocktonCA4113,StocktonCA6569,3.5
StocktonCA4113,StocktonCA6758,4.5
StocktonCA4113,Rancho+CordovaCA5507,2.5
StocktonCA4113,StocktonCA4096,3
WashingtonDC6748,WashingtonDC6736,3
WashingtonDC6748,WashingtonDC6543,2
WashingtonDC6748,WashingtonDC6415,2
WashingtonDC6748,RelayMD4110,2.5
WashingtonDC6748,RelayMD4093,2.5
WashingtonDC6748,WashingtonDC6393,3
WashingtonDC6748,RelayMD4054,2.5
Frankfurt4040,MilanItaly4085,2
Frankfurt4040,Frankfurt4079,2
Frankfurt4040,HamburgGermany4081,3
StocktonCA6583,StocktonCA4113,3
StocktonCA6583,StocktonCA4064,3
StocktonCA6583,StocktonCA4096,3
StocktonCA6583,StocktonCA4065,3
SpringfieldMA4020,PennsaukenNJ4125,2
SpringfieldMA4020,PennsaukenNJ4126,2
SpringfieldMA4020,SpringfieldMA4023,2.5
SpringfieldMA4020,Boston5499,2.5
SpringfieldMA4020,SpringfieldMA4025,3
SpringfieldMA4020,SpringfieldMA6406,2
SpringfieldMA4020,New+YorkNY4137,7.5
SpringfieldMA4020,ChicagoIL4036,6
CheyenneWY6455,CheyenneWY4034,2
CheyenneWY6455,CheyenneWY4076,2
AshburnVA10161,RelayMD4138,1
WashingtonDC4139,WashingtonDC6736,3
WashingtonDC4139,WashingtonDC6543,2
WashingtonDC4139,WashingtonDC6415,2
WashingtonDC4139,RelayMD4093,2.5
WashingtonDC4139,RelayMD4110,2.5
WashingtonDC4139,RelayMD4054,2.5
WashingtonDC4139,WashingtonDC6393,3
AshburnVA10162,RelayMD4131,1
SpringfieldMA4023,SpringfieldMA4020,2.5
SpringfieldMA4023,ChicagoIL1484,5.5
SpringfieldMA4023,Boston5509,2
SpringfieldMA4023,SpringfieldMA4025,2.5
SpringfieldMA4023,PennsaukenNJ4091,4
SpringfieldMA4023,SpringfieldMA6406,2.5
AshburnVA10163,RelayMD4136,2
AshburnVA10163,RelayMD4127,2
SpringfieldMA4025,ChicagoIL4122,5
SpringfieldMA4025,SpringfieldMA4020,3
SpringfieldMA4025,SpringfieldMA4023,2.5
CheyenneWY6388,CheyenneWY4034,2
CheyenneWY6388,CheyenneWY4076,2
OrlandoFL4050,OrlandoFL6429,3.5
OrlandoFL4050,OrlandoFL4089,4.5
OrlandoFL4050,DallasTX4015,9
OrlandoFL4050,OrlandoFL4108,3.5
OrlandoFL4050,AtlantaGA4074,3.5
OrlandoFL4050,OrlandoFL6459,4.5
OrlandoFL4050,AtlantaGA4102,3.5
OrlandoFL4050,OrlandoFL6693,7
StockholmSweden4066,StockholmSweden4097,2
StockholmSweden4066,Copenhagen4038,5
ChicagoIL6414,ChicagoIL1391,3
ChicagoIL6414,ChicagoIL4122,2
ChicagoIL6414,ChicagoIL4036,2
ChicagoIL6414,ChicagoIL1484,2
ChicagoIL6414,ChicagoIL4037,2
ChicagoIL6414,ChicagoIL4104,2
New+YorkNY4022,New+YorkNY4048,3.5
New+YorkNY4022,London4084,7.5
New+YorkNY4022,London4083,9.5
New+YorkNY4024,London4084,9
New+YorkNY4024,New+YorkNY4048,2
New+YorkNY4024,New+YorkNY4134,2
RestonVA5496,RestonVA5497,3
RestonVA5496,RelayMD4054,2
RestonVA5497,RestonVA5496,3
RestonVA5497,RelayMD4093,2
New+YorkNY4028,PennsaukenNJ4135,11
New+YorkNY4028,DallasTX4015,4
New+YorkNY4028,DallasTX6580,3
New+YorkNY4028,DallasTX6726,2
New+YorkNY4028,DallasTX6645,2
New+YorkNY4028,AnaheimCA4031,6
New+YorkNY4028,DallasTX6483,2
New+YorkNY4028,DallasTX6573,2
New+YorkNY4028,DallasTX6566,2
New+YorkNY4028,Kansas+CityMO4105,6.5
New+YorkNY4028,DallasTX6494,3
New+YorkNY4028,DallasTX6737,5
New+YorkNY4028,OrlandoFL4089,8.5
New+YorkNY4028,DallasTX6587,3
New+YorkNY4028,DallasTX6749,2
New+YorkNY4028,DallasTX4080,4
New+YorkNY4028,DallasTX6598,6.5
New+YorkNY4028,DallasTX6689,3
New+YorkNY4028,DallasTX1742,2
New+YorkNY4028,ChicagoIL1391,7.5
New+YorkNY4028,DallasTX2635,4
New+YorkNY4028,DallasTX6504,2
New+YorkNY4028,DallasTX3549,3
New+YorkNY4028,DallasTX6604,2
New+YorkNY4028,DallasTX6612,3
New+YorkNY4028,DallasTX6419,2
New+YorkNY4028,DallasTX6622,2
New+YorkNY4028,DallasTX6444,3
New+YorkNY4028,DallasTX6641,4
New+YorkNY4028,DallasTX6706,2.5
New+YorkNY4028,DallasTX6471,3
New+YorkNY6496,New+YorkNY4088,2.5
New+YorkNY6496,New+YorkNY4048,2.5
New+YorkNY6496,New+YorkNY6446,2.5
New+YorkNY6496,New+YorkNY4107,2.5
New+YorkNY6496,New+YorkNY4116,2.5
New+YorkNY6496,New+YorkNY6427,2
Boston5509,SpringfieldMA4023,2
Boston5509,Boston5499,3
RelayMD4093,WashingtonDC6443,2.5
RelayMD4093,RestonVA5497,2
RelayMD4093,RelayMD4138,2
RelayMD4093,PennsaukenNJ4135,8.5
RelayMD4093,RelayMD6696,2.5
RelayMD4093,WashingtonDC6456,2.5
RelayMD4093,WashingtonDC6469,2.5
RelayMD4093,RelayMD6431,2.5
RelayMD4093,WashingtonDC4140,2.5
RelayMD4093,WashingtonDC4142,3.5
RelayMD4093,WashingtonDC6748,2.5
RelayMD4093,AtlantaGA4032,4
RelayMD4093,WashingtonDC9643,2.5
RelayMD4093,RelayMD6518,2.5
RelayMD4093,RelayMD6461,2.5
RelayMD4093,WashingtonDC4139,2.5
RelayMD4093,RelayMD6551,2.5
RelayMD4093,RelayMD4110,2
RelayMD4093,RelayMD6449,2.5
RelayMD4093,San+JoseCA4112,6
RelayMD4093,RelayMD4131,2
RelayMD4093,RelayMD6576,2
RelayMD4093,RelayMD6675,2.5
RelayMD4093,RelayMD4118,2
RelayMD4093,RelayMD4127,2
PennsaukenNJ4091,PennsaukenNJ4125,6.5
PennsaukenNJ4091,PennsaukenNJ4109,2
PennsaukenNJ4091,PennsaukenNJ4052,2
PennsaukenNJ4091,PennsaukenNJ4117,4
PennsaukenNJ4091,PennsaukenNJ4126,5.5
PennsaukenNJ4091,PennsaukenNJ4135,2
PennsaukenNJ4091,New+YorkNY4124,6
PennsaukenNJ4091,StocktonCA4113,8.5
PennsaukenNJ4091,PennsaukenNJ6516,3
PennsaukenNJ4091,SpringfieldMA4023,4
PennsaukenNJ4091,PennsaukenNJ6614,3
PennsaukenNJ4091,PennsaukenNJ6525,3
PennsaukenNJ4091,StocktonCA4065,7.5
PennsaukenNJ4091,PennsaukenNJ6624,3
PennsaukenNJ4091,PennsaukenNJ6448,3
PennsaukenNJ4091,PennsaukenNJ6728,3
PennsaukenNJ4091,PennsaukenNJ6486,3
PennsaukenNJ4091,RelayMD4118,4.5
PennsaukenNJ4091,PennsaukenNJ6754,3
WashingtonDC4140,WashingtonDC6736,3
WashingtonDC4140,WashingtonDC6543,2
WashingtonDC4140,WashingtonDC6415,2
WashingtonDC4140,RelayMD4093,2.5
WashingtonDC4140,RelayMD4110,2.5
WashingtonDC4140,RelayMD4054,2.5
WashingtonDC4140,WashingtonDC6393,3
WashingtonDC4142,WashingtonDC6736,2
WashingtonDC4142,WashingtonDC6543,2
WashingtonDC4142,WashingtonDC6415,2
WashingtonDC4142,RelayMD4093,3.5
WashingtonDC4142,WashingtonDC6393,2
StocktonCA6590,StocktonCA4113,3.5
StocktonCA6590,StocktonCA4064,2.5
StocktonCA6590,StocktonCA4096,2.5
StocktonCA6590,StocktonCA4065,2.5
AtlantaGA3957,AtlantaGA4032,2
AtlantaGA3957,AtlantaGA6565,2
AtlantaGA3957,AtlantaGA4074,2
AtlantaGA3957,DallasTX6641,7.5
AnaheimCA6502,AnaheimCA4099,7.5
AnaheimCA6502,AnaheimCA4101,2.5
AnaheimCA6502,AnaheimCA4031,2.5
AnaheimCA6502,DallasTX4080,7.5
AnaheimCA6502,AnaheimCA4073,3.5
AnaheimCA6502,AnaheimCA6721,3.5
AnaheimCA6502,AnaheimCA4100,2.5
Tokyo4069,Hong+Kong4042,4.5
Tokyo4069,StocktonCA4064,7
Tokyo4069,Tokyo4070,2.5
DallasTX6504,DallasTX2635,3
DallasTX6504,DallasTX4015,3
DallasTX6504,DallasTX4080,4
DallasTX6504,New+YorkNY4028,2
DallasTX6504,DallasTX4115,3
Kansas+CityMO6422,Kansas+CityMO4082,2.5
Kansas+CityMO6422,Kansas+CityMO4105,2.5
Kansas+CityMO6422,Kansas+CityMO4106,2
San+JoseCA6477,San+JoseCA4095,1
AnaheimCA6438,AnaheimCA4101,2.5
AnaheimCA6438,AnaheimCA4099,7.5
AnaheimCA6438,AnaheimCA4031,2.5
AnaheimCA6438,AnaheimCA4073,3.5
AnaheimCA6438,AnaheimCA6721,2
AnaheimCA6438,AnaheimCA4100,3.5
Hong+Kong6421,Hong+Kong4042,12.5
Hong+Kong6421,StocktonCA4096,2
New+YorkNY4107,New+YorkNY4088,2
New+YorkNY4107,PennsaukenNJ4109,6
New+YorkNY4107,New+YorkNY6397,2.5
New+YorkNY4107,New+YorkNY6559,3
New+YorkNY4107,New+YorkNY4116,2
New+YorkNY4107,New+YorkNY6496,2.5
New+YorkNY4107,New+YorkNY4134,2
New+YorkNY4107,New+YorkNY6427,2.5
New+YorkNY4107,New+YorkNY6532,2.5
New+YorkNY4107,New+YorkNY4048,2
New+YorkNY4107,New+YorkNY6446,3
New+YorkNY4107,RelayMD4054,7.5
Paris4090,London4044,2
Paris4090,MilanItaly4046,2
Paris4090,Paris4051,2
MunichGermany4087,HamburgGermany4041,1
AtlantaGA6439,AtlantaGA4102,1
StocktonCA3402,StocktonCA4064,5
StocktonCA3402,StocktonCA4113,6
StocktonCA3402,StocktonCA4065,5
StocktonCA3402,StocktonCA4096,5
StocktonCA3402,AnaheimCA6512,6.5
Tokyo4070,Tokyo4071,2
Tokyo4070,Hong+Kong4042,2
Tokyo4070,TacomaWA3251,8
Tokyo4070,Singapore4094,2
Tokyo4070,TacomaWA4114,6
Tokyo4070,Tokyo4069,2.5
CheyenneWY6542,CheyenneWY4034,2
CheyenneWY6542,CheyenneWY4076,2
Tokyo4071,Singapore4094,5
Tokyo4071,StocktonCA4064,7.5
Tokyo4071,Tokyo4070,2
StocktonCA4064,PennsaukenNJ4052,7.5
StocktonCA4064,StocktonCA6602,2
StocktonCA4064,StocktonCA6407,2.5
StocktonCA4064,San+JoseCA4119,5
StocktonCA4064,Pearl+HarborHI4053,3
StocktonCA4064,StocktonCA6452,3
StocktonCA4064,StocktonCA6463,2.5
StocktonCA4064,StocktonCA6563,2.5
StocktonCA4064,StocktonCA6719,2.5
StocktonCA4064,StocktonCA3402,5
StocktonCA4064,StocktonCA6590,2.5
StocktonCA4064,StocktonCA6583,3
StocktonCA4064,Tokyo4071,7.5
StocktonCA4064,StocktonCA6479,2.5
StocktonCA4064,StocktonCA6577,3.5
StocktonCA4064,StocktonCA6569,2.5
StocktonCA4064,StocktonCA6758,2.5
StocktonCA4064,Tokyo4069,7
StocktonCA4064,SydneyAustralia4068,2
StocktonCA4064,StocktonCA4096,2
StocktonCA4065,StocktonCA6407,2.5
StocktonCA4065,Pearl+HarborHI4053,5
StocktonCA4065,StocktonCA6452,3
StocktonCA4065,PennsaukenNJ4091,7.5
StocktonCA4065,StocktonCA6463,2.5
StocktonCA4065,StocktonCA6609,2.5
StocktonCA4065,San+JoseCA4095,5
StocktonCA4065,StocktonCA6619,2.5
StocktonCA4065,StocktonCA6563,2.5
StocktonCA4065,ChicagoIL4036,11
StocktonCA4065,StocktonCA6719,2.5
StocktonCA4065,StocktonCA6590,2.5
StocktonCA4065,StocktonCA3402,5
StocktonCA4065,StocktonCA6583,3
StocktonCA4065,StocktonCA6479,2.5
StocktonCA4065,StocktonCA6569,2.5
StocktonCA4065,StocktonCA6577,2.5
StocktonCA4065,StocktonCA6758,2.5
StocktonCA4065,Rancho+CordovaCA5507,2.5
StocktonCA4065,StocktonCA4096,2
AnaheimCA6512,AnaheimCA4099,9
AnaheimCA6512,AnaheimCA4101,2
AnaheimCA6512,AnaheimCA4031,2
AnaheimCA6512,AnaheimCA4073,3
AnaheimCA6512,StocktonCA3402,6.5
AnaheimCA6512,AnaheimCA6721,2
AnaheimCA6512,AnaheimCA4100,2
DallasTX6444,DallasTX2635,3
DallasTX6444,DallasTX4015,3
DallasTX6444,DallasTX4080,2
DallasTX6444,New+YorkNY4028,3
DallasTX6444,DallasTX4115,2
New+YorkNY4116,New+YorkNY4088,2
New+YorkNY4116,PennsaukenNJ4109,6
New+YorkNY4116,New+YorkNY4107,2
New+YorkNY4116,New+YorkNY6397,2.5
New+YorkNY4116,New+YorkNY6559,3
New+YorkNY4116,New+YorkNY4124,2
New+YorkNY4116,New+YorkNY6496,2.5
New+YorkNY4116,RelayMD4110,7.5
New+YorkNY4116,New+YorkNY6605,2
New+YorkNY4116,New+YorkNY6532,2.5
New+YorkNY4116,New+YorkNY6427,2.5
New+YorkNY4116,ChicagoIL4104,11.5
New+YorkNY4116,New+YorkNY6606,3
New+YorkNY4116,New+YorkNY4137,2
New+YorkNY4116,New+YorkNY6446,3
New+YorkNY4048,New+YorkNY4024,2
New+YorkNY4048,PennsaukenNJ4052,6
New+YorkNY4048,New+YorkNY6751,2
New+YorkNY4048,New+YorkNY4017,2.5
New+YorkNY4048,New+YorkNY6752,2
New+YorkNY4048,New+YorkNY6559,2
New+YorkNY4048,New+YorkNY6397,2.5
New+YorkNY4048,New+YorkNY4107,2
New+YorkNY4048,New+YorkNY6496,2.5
New+YorkNY4048,New+YorkNY4134,2
New+YorkNY4048,ChicagoIL4104,8.5
New+YorkNY4048,New+YorkNY4137,2
New+YorkNY4048,New+YorkNY4088,2
New+YorkNY4048,AtlantaGA4032,6.5
New+YorkNY4048,RelayMD4110,5.5
New+YorkNY4048,New+YorkNY6532,2.5
New+YorkNY4048,New+YorkNY6427,2.5
New+YorkNY4048,New+YorkNY6446,2
New+YorkNY4048,ManasquanNJ4047,4.5
New+YorkNY4048,New+YorkNY4022,3.5
RelayMD6431,RelayMD4110,2.5
RelayMD6431,RelayMD4093,2.5
RelayMD6431,RelayMD4054,2.5
Santa+ClaraCA5508,San+JoseCA4119,1
StocktonCA6758,StocktonCA4113,4.5
StocktonCA6758,StocktonCA4064,2.5
StocktonCA6758,StocktonCA4096,2.5
StocktonCA6758,StocktonCA4065,2.5
CheyenneWY6629,CheyenneWY4034,2
CheyenneWY6629,CheyenneWY4076,2
AnaheimCA6520,AnaheimCA4101,2
AnaheimCA6520,AnaheimCA4099,9
AnaheimCA6520,AnaheimCA4031,2
AnaheimCA6520,AnaheimCA4073,3
AnaheimCA6520,AnaheimCA6721,2
AnaheimCA6520,AnaheimCA4100,2
DallasTX3549,DallasTX2635,3
DallasTX3549,DallasTX4015,2
DallasTX3549,DallasTX4080,2
DallasTX3549,New+YorkNY4028,3
DallasTX3549,DallasTX4115,2
ManasquanNJ4047,New+YorkNY4048,4.5
ManasquanNJ4047,London4084,4.5
ManasquanNJ4047,ManasquanNJ4086,2
ManasquanNJ4047,RelayMD4054,4
ManasquanNJ4047,London4083,2.5
WashingtonDC6415,WashingtonDC6443,2
WashingtonDC6415,WashingtonDC9643,3
WashingtonDC6415,WashingtonDC6469,3
WashingtonDC6415,WashingtonDC4139,2
WashingtonDC6415,WashingtonDC4140,2
WashingtonDC6415,WashingtonDC6456,2
WashingtonDC6415,WashingtonDC6748,2
WashingtonDC6415,WashingtonDC4142,2
ChicagoIL6441,ChicagoIL1391,3
ChicagoIL6441,ChicagoIL1484,2
ChicagoIL6441,DallasTX4080,7.5
ChicagoIL6441,ChicagoIL4036,2
ChicagoIL6441,ChicagoIL4037,2
ChicagoIL6441,ChicagoIL4104,2
OrlandoFL6693,OrlandoFL4089,3.5
OrlandoFL6693,OrlandoFL4049,2.5
OrlandoFL6693,AtlantaGA2347,4.5
OrlandoFL6693,OrlandoFL4050,7
OrlandoFL6693,OrlandoFL4108,4.5
Frankfurt4079,Paris4051,2
Frankfurt4079,Frankfurt4040,2
AnaheimCA6453,AnaheimCA4101,2
AnaheimCA6453,AnaheimCA4099,9
AnaheimCA6453,AnaheimCA4031,2
AnaheimCA6453,AnaheimCA4073,3
AnaheimCA6453,AnaheimCA6721,2
AnaheimCA6453,AnaheimCA4100,3
StockholmSweden4097,Copenhagen4077,2
StockholmSweden4097,StockholmSweden4066,2
Copenhagen4077,StockholmSweden4097,2
Copenhagen4077,London4044,2.5
Copenhagen4077,Copenhagen4038,2
Copenhagen4077,HamburgGermany4081,6.5
London4044,Copenhagen4077,2.5
London4044,London4045,3.5
London4044,Paris4090,2
London4044,BrusselsBelgium4033,5
London4044,London4083,2
London4044,DublinIreland4039,1
RichardsonTX5500,DallasTX4015,4
RichardsonTX5500,DallasTX4080,2
London4045,London4044,3.5
London4045,New+YorkNY4017,9
New+YorkNY4124,New+YorkNY6606,3
New+YorkNY4124,New+YorkNY4137,2
New+YorkNY4124,New+YorkNY4129,2
New+YorkNY4124,New+YorkNY4088,2
New+YorkNY4124,New+YorkNY4116,2
New+YorkNY4124,ChicagoIL4037,7.5
New+YorkNY4124,New+YorkNY4134,2
New+YorkNY4124,PennsaukenNJ4091,6
New+YorkNY4124,New+YorkNY6605,2
Pearl+HarborHI4053,AnaheimCA4101,7.5
Pearl+HarborHI4053,Pearl+HarborHI6400,8
Pearl+HarborHI4053,Pearl+HarborHI4092,9.5
Pearl+HarborHI4053,StocktonCA4064,3
Pearl+HarborHI4053,StocktonCA4096,3
Pearl+HarborHI4053,StocktonCA4065,5
Pearl+HarborHI4053,AnaheimCA4100,7.5
Pearl+HarborHI4053,Pearl+HarborHI6550,7.5
New+YorkNY4129,New+YorkNY4137,2
New+YorkNY4129,New+YorkNY4124,2
New+YorkNY4129,New+YorkNY4134,2
New+YorkNY4129,New+YorkNY6524,2.5
New+YorkNY4129,RelayMD4054,3.5
OrlandoFL4089,OrlandoFL4049,3
OrlandoFL4089,OrlandoFL6429,3
OrlandoFL4089,OrlandoFL4050,4.5
OrlandoFL4089,OrlandoFL4108,2
OrlandoFL4089,New+YorkNY4028,8.5
OrlandoFL4089,DallasTX4115,6.5
OrlandoFL4089,OrlandoFL6693,3.5
RelayMD6518,RelayMD4110,2.5
RelayMD6518,RelayMD4093,2.5
RelayMD6518,RelayMD4054,2.5
PennsaukenNJ6516,PennsaukenNJ4109,3
PennsaukenNJ6516,PennsaukenNJ4052,2
PennsaukenNJ6516,PennsaukenNJ4091,3
PennsaukenNJ6517,PennsaukenNJ4052,2
PennsaukenNJ6517,PennsaukenNJ4109,2
RelayMD6449,RelayMD4110,2.5
RelayMD6449,RelayMD4093,2.5
RelayMD6449,RelayMD4054,2.5
PennsaukenNJ6448,PennsaukenNJ4052,2
PennsaukenNJ6448,PennsaukenNJ4109,3
PennsaukenNJ6448,PennsaukenNJ4091,3
DallasTX6604,DallasTX2635,4
DallasTX6604,DallasTX4015,4
DallasTX6604,New+YorkNY4028,2
DallasTX6604,DallasTX4080,3
DallasTX6604,DallasTX4115,3
StocktonCA6407,StocktonCA4113,3.5
StocktonCA6407,StocktonCA4064,2.5
StocktonCA6407,StocktonCA4096,2.5
StocktonCA6407,StocktonCA4065,2.5
AnaheimCA6464,AnaheimCA4101,2
AnaheimCA6464,AnaheimCA4031,2
AnaheimCA6464,AnaheimCA4073,3
AnaheimCA6464,AnaheimCA6721,2
AnaheimCA6464,AnaheimCA4100,2
AnaheimCA6539,AnaheimCA4101,2
AnaheimCA6539,AnaheimCA4099,8
AnaheimCA6539,AnaheimCA4031,2
AnaheimCA6539,AnaheimCA4073,3
AnaheimCA6539,AnaheimCA6721,2
AnaheimCA6539,AnaheimCA4100,2
Kansas+CityMO6458,Kansas+CityMO4082,3
Kansas+CityMO6458,Kansas+CityMO4043,3
Kansas+CityMO6458,DallasTX6598,7
Kansas+CityMO6458,Kansas+CityMO4105,4
Kansas+CityMO6458,Kansas+CityMO4106,3.5
New+YorkNY4134,New+YorkNY4048,2
New+YorkNY4134,New+YorkNY4129,2
New+YorkNY4134,New+YorkNY4137,2
New+YorkNY4134,New+YorkNY4024,2
New+YorkNY4134,New+YorkNY6751,2
New+YorkNY4134,New+YorkNY4017,2.5
New+YorkNY4134,New+YorkNY6752,2
New+YorkNY4134,New+YorkNY4107,2
New+YorkNY4134,New+YorkNY4124,2
AtlantaGA6530,CheyenneWY6413,1
New+YorkNY4137,New+YorkNY4048,2
New+YorkNY4137,New+YorkNY4129,2
New+YorkNY4137,SpringfieldMA4020,7.5
New+YorkNY4137,New+YorkNY4116,2
New+YorkNY4137,New+YorkNY4124,2
New+YorkNY4137,New+YorkNY4134,2
TacomaWA6555,TacomaWA6408,2
TacomaWA6555,TacomaWA3251,2
TacomaWA6555,TacomaWA4114,2
SeattleWA6432,SeattleWA4059,3
SeattleWA6432,SeattleWA4060,2
AtlantaGA6465,AtlantaGA4032,2
AtlantaGA6465,AtlantaGA4074,2
AtlantaGA6465,AtlantaGA4102,2
PennsaukenNJ6525,PennsaukenNJ4109,3
PennsaukenNJ6525,PennsaukenNJ4052,2
PennsaukenNJ6525,PennsaukenNJ4091,3
CheyenneWY4034,CheyenneWY6455,2
CheyenneWY4034,CheyenneWY2439,2
CheyenneWY4034,CheyenneWY6723,2
CheyenneWY4034,CheyenneWY4076,3
CheyenneWY4034,TacomaWA3251,5.5
CheyenneWY4034,DenverColorado5511,1
CheyenneWY4034,ChicagoIL1484,8
CheyenneWY4034,CheyenneWY6629,2
CheyenneWY4034,CheyenneWY6388,2
CheyenneWY4034,ChicagoIL4104,5
CheyenneWY4034,CheyenneWY6413,2
CheyenneWY4034,ChicagoIL4037,5
CheyenneWY4034,CheyenneWY6542,2
AnaheimCA6610,AnaheimCA4073,1
San+JoseCA4112,San+JoseCA4062,2
San+JoseCA4112,San+JoseCA4095,2
San+JoseCA4112,AnaheimCA4031,2.5
San+JoseCA4112,StocktonCA4096,5
San+JoseCA4112,San+JoseCA4132,4
San+JoseCA4112,RelayMD4093,6
San+JoseCA4112,AnaheimCA4100,5.5
DallasTX6612,DallasTX2635,2
DallasTX6612,DallasTX4015,2
DallasTX6612,DallasTX4080,2
DallasTX6612,New+YorkNY4028,3
DallasTX6612,DallasTX4115,3
StocktonCA4096,PennsaukenNJ4109,6.5
StocktonCA4096,StocktonCA6602,2
StocktonCA4096,StocktonCA6407,2.5
StocktonCA4096,Hong+Kong6421,2
StocktonCA4096,Pearl+HarborHI4053,3
StocktonCA4096,StocktonCA6452,3
StocktonCA4096,StocktonCA6609,2.5
StocktonCA4096,StocktonCA6463,2.5
StocktonCA4096,StocktonCA6619,2.5
StocktonCA4096,Pearl+HarborHI4092,8.5
StocktonCA4096,StocktonCA6563,2.5
StocktonCA4096,StocktonCA4113,3
StocktonCA4096,StocktonCA6719,2.5
StocktonCA4096,StocktonCA3402,5
StocktonCA4096,StocktonCA6590,2.5
StocktonCA4096,StocktonCA6583,3
StocktonCA4096,StocktonCA6479,2.5
StocktonCA4096,StocktonCA6569,2.5
StocktonCA4096,StocktonCA6577,2.5
StocktonCA4096,StocktonCA4064,2
StocktonCA4096,StocktonCA6758,2.5
StocktonCA4096,StocktonCA4065,2
StocktonCA4096,SydneyAustralia4068,2
StocktonCA4096,Rancho+CordovaCA5514,2
StocktonCA4096,San+JoseCA4112,5
StocktonCA4096,San+JoseCA4132,3
ChicagoIL6603,ChicagoIL1391,2
ChicagoIL6603,ChicagoIL4036,3
ChicagoIL6603,ChicagoIL1484,2
ChicagoIL6603,ChicagoIL4037,2
ChicagoIL6603,ChicagoIL4104,2
ChicagoIL6531,ChicagoIL1391,3
ChicagoIL6531,ChicagoIL1484,2
ChicagoIL6531,ChicagoIL4036,2
ChicagoIL6531,ChicagoIL4037,2
ChicagoIL6531,ChicagoIL4104,2
DallasTX6471,DallasTX2635,2
DallasTX6471,DallasTX4015,2
DallasTX6471,DallasTX4080,2
DallasTX6471,New+YorkNY4028,3
DallasTX6471,DallasTX4115,2
New+YorkNY6751,New+YorkNY4048,2
New+YorkNY6751,New+YorkNY4134,2
San+JoseCA4119,San+JoseCA4062,2
San+JoseCA4119,San+JoseCA4095,2
San+JoseCA4119,DallasTX4080,7.5
San+JoseCA4119,StocktonCA4064,5
San+JoseCA4119,Santa+ClaraCA5508,1
San+JoseCA4119,San+JoseCA4132,4
San+JoseCA4119,AnaheimCA4100,2.5
New+YorkNY6752,New+YorkNY4048,2
New+YorkNY6752,New+YorkNY4134,2
CheyenneWY2439,CheyenneWY4034,2
CheyenneWY2439,CheyenneWY4076,2
TacomaWA6701,RoachdaleIN6552,13
TacomaWA6701,TacomaWA3251,2
Singapore4094,Tokyo4071,5
Singapore4094,Tokyo4070,2
Kansas+CityMO6395,Kansas+CityMO4082,2
Kansas+CityMO6395,Kansas+CityMO4043,2
Kansas+CityMO6395,Kansas+CityMO4105,3
Kansas+CityMO6395,Kansas+CityMO4106,2.5
ChicagoIL6468,ChicagoIL1391,3
ChicagoIL6468,ChicagoIL4036,2
ChicagoIL6468,ChicagoIL1484,2
ChicagoIL6468,ChicagoIL4037,2
ChicagoIL6468,ChicagoIL4104,2
AtlantaGA6540,AtlantaGA4032,2
AtlantaGA6540,AtlantaGA4074,2
AtlantaGA6540,AtlantaGA4102,2
RoachdaleIN6552,RoachdaleIN4111,2
RoachdaleIN6552,TacomaWA6701,13
RoachdaleIN6552,RoachdaleIN4056,2
RelayMD5801,RelayMD4136,2
RelayMD5801,DallasTX6573,15.5
RelayMD5801,RelayMD4110,3
OrlandoFL6429,OrlandoFL4089,3
OrlandoFL6429,OrlandoFL4049,2
OrlandoFL6429,OrlandoFL4050,3.5
OrlandoFL6429,OrlandoFL4108,4
CheyenneWY6723,CheyenneWY4034,2
CheyenneWY6723,CheyenneWY4076,2
RelayMD6461,RelayMD4110,2.5
RelayMD6461,RelayMD4093,2.5
RelayMD6461,RelayMD4054,2.5
SydneyAustralia4067,TacomaWA3251,6.5
SydneyAustralia4067,SydneyAustralia6437,4
SydneyAustralia4068,SydneyAustralia6437,2
SydneyAustralia4068,StocktonCA4064,2
SydneyAustralia4068,StocktonCA4096,2
AtlantaGA2338,AtlantaGA4032,2
AtlantaGA2338,AtlantaGA4074,2
AtlantaGA2338,AtlantaGA4102,2
Amsterdam4030,Amsterdam4072,6
Amsterdam4030,BrusselsBelgium4075,2
DallasTX6622,DallasTX2635,3
DallasTX6622,DallasTX4015,3
DallasTX6622,DallasTX4080,3
DallasTX6622,New+YorkNY4028,2
DallasTX6622,DallasTX4115,2
ChicagoIL6611,ChicagoIL1391,2
ChicagoIL6611,ChicagoIL4122,2
ChicagoIL6611,ChicagoIL4036,2
ChicagoIL6611,ChicagoIL1484,2
ChicagoIL6611,ChicagoIL4037,2
ChicagoIL6611,ChicagoIL4104,2
WashingtonDC6443,WashingtonDC6736,3
WashingtonDC6443,WashingtonDC6543,2
WashingtonDC6443,WashingtonDC6415,2
WashingtonDC6443,RelayMD4093,2.5
WashingtonDC6443,RelayMD4110,2.5
WashingtonDC6443,RelayMD4054,2.5
WashingtonDC6443,WashingtonDC6393,3
PennsaukenNJ6399,PennsaukenNJ4052,1
Kansas+CityMO6544,Kansas+CityMO4082,2
Kansas+CityMO6544,Kansas+CityMO4043,2
Kansas+CityMO6544,CheyenneWY6746,1
Kansas+CityMO6544,Kansas+CityMO4105,4
Kansas+CityMO6544,Kansas+CityMO4106,2.5
AnaheimCA6627,AnaheimCA4101,2
AnaheimCA6627,AnaheimCA4099,8
AnaheimCA6627,AnaheimCA4031,2
AnaheimCA6627,AnaheimCA4073,3
AnaheimCA6627,AnaheimCA6721,2
AnaheimCA6627,AnaheimCA4100,2
DallasTX4015,RichardsonTX5500,4
DallasTX4015,OrlandoFL4049,7.5
DallasTX4015,DallasTX6580,3
DallasTX4015,DallasTX6726,3
DallasTX4015,DallasTX6566,3
DallasTX4015,DallasTX4115,2
DallasTX4015,DallasTX6494,2
DallasTX4015,DallasTX6658,2
DallasTX4015,DallasTX6749,3
DallasTX4015,DallasTX6587,2
DallasTX4015,DallasTX4080,2
DallasTX4015,OrlandoFL4050,9
DallasTX4015,DallasTX6604,4
DallasTX4015,DallasTX6622,3
DallasTX4015,DallasTX6444,3
DallasTX4015,DallasTX6641,3
DallasTX4015,PennsaukenNJ4109,9
DallasTX4015,DallasTX6645,3
DallasTX4015,DallasTX6483,3
DallasTX4015,New+YorkNY4028,4
DallasTX4015,DallasTX6573,3
DallasTX4015,DallasTX6558,2
DallasTX4015,DallasTX6737,2
DallasTX4015,Kansas+CityMO4043,5.5
DallasTX4015,Kansas+CityMO6690,9.5
DallasTX4015,AnaheimCA4073,4
DallasTX4015,DallasTX6598,3.5
DallasTX4015,DallasTX1742,3
DallasTX4015,DallasTX6689,2
DallasTX4015,DallasTX2635,2
DallasTX4015,DallasTX6504,3
DallasTX4015,DallasTX3549,2
DallasTX4015,DallasTX6612,2
DallasTX4015,DallasTX6419,3
DallasTX4015,AtlantaGA4074,5.5
DallasTX4015,DallasTX6471,2
DallasTX4015,DallasTX6706,2.5
Kansas+CityMO6472,Kansas+CityMO4082,2
Kansas+CityMO6472,Kansas+CityMO4043,2
Kansas+CityMO6472,Kansas+CityMO6690,2
Kansas+CityMO6472,Kansas+CityMO4105,4
Kansas+CityMO6472,Kansas+CityMO4106,3.5
DallasTX6483,DallasTX2635,3
DallasTX6483,DallasTX4015,3
DallasTX6483,DallasTX4080,3
DallasTX6483,New+YorkNY4028,2
DallasTX6483,DallasTX4115,2
AnaheimCA6556,AnaheimCA4101,2.5
AnaheimCA6556,AnaheimCA4099,7.5
AnaheimCA6556,AnaheimCA4031,2.5
AnaheimCA6556,AnaheimCA4073,3.5
AnaheimCA6556,AnaheimCA6721,2
AnaheimCA6556,AnaheimCA4100,3.5
DallasTX6558,DallasTX4015,2
DallasTX6558,DallasTX4080,2
DallasTX6558,DallasTX6573,5
SpringfieldMA6406,SpringfieldMA4020,2
SpringfieldMA6406,SpringfieldMA4023,2.5
Pearl+HarborHI6400,Pearl+HarborHI4092,2.5
Pearl+HarborHI6400,Pearl+HarborHI4053,8
RoachdaleIN6636,RoachdaleIN4111,2
RoachdaleIN6636,RoachdaleIN4056,2
AtlantaGA6481,AtlantaGA4032,2
AtlantaGA6481,AtlantaGA4074,2
AtlantaGA6481,AtlantaGA4102,2
AtlantaGA6628,AtlantaGA4032,2
AtlantaGA6628,AtlantaGA4074,2
AtlantaGA6628,AtlantaGA4102,2
SeattleWA6450,SeattleWA4019,1
New+YorkNY4088,New+YorkNY4107,2
New+YorkNY4088,New+YorkNY6397,2.5
New+YorkNY4088,New+YorkNY6559,3
New+YorkNY4088,ManasquanNJ4086,4.5
New+YorkNY4088,New+YorkNY4116,2
New+YorkNY4088,New+YorkNY4124,2
New+YorkNY4088,ChicagoIL1484,8.5
New+YorkNY4088,New+YorkNY6496,2.5
New+YorkNY4088,New+YorkNY6532,2.5
New+YorkNY4088,New+YorkNY6524,2.5
New+YorkNY4088,New+YorkNY6427,3.5
New+YorkNY4088,New+YorkNY4048,2
New+YorkNY4088,New+YorkNY6446,3
New+YorkNY4088,AtlantaGA4074,6.5
ChicagoIL1391,New+YorkNY4028,7.5
ChicagoIL1391,ChicagoIL6724,2
ChicagoIL1391,DallasTX4115,5.5
ChicagoIL1391,ChicagoIL4104,2
ChicagoIL1391,ChicagoIL6468,3
ChicagoIL1391,ChicagoIL6492,2
ChicagoIL1391,ChicagoIL4122,2
ChicagoIL1391,ChicagoIL6639,2
ChicagoIL1391,ChicagoIL6747,2
ChicagoIL1391,ChicagoIL6593,2
ChicagoIL1391,ChicagoIL4036,2
ChicagoIL1391,ChicagoIL6586,3
ChicagoIL1391,ChicagoIL6595,3
ChicagoIL1391,ChicagoIL6669,2
ChicagoIL1391,ChicagoIL1484,2
ChicagoIL1391,ChicagoIL6414,3
ChicagoIL1391,ChicagoIL6611,2
ChicagoIL1391,ChicagoIL6603,2
ChicagoIL1391,ChicagoIL6441,3
ChicagoIL1391,ChicagoIL6531,3
ChicagoIL1391,ChicagoIL6621,2
DenverColorado5501,CheyenneWY4076,1
PennsaukenNJ6614,PennsaukenNJ4109,3
PennsaukenNJ6614,PennsaukenNJ4052,2
PennsaukenNJ6614,PennsaukenNJ4091,3
Boston5499,SpringfieldMA4020,2.5
Boston5499,Boston5509,3
AtlantaGA2344,AtlantaGA4032,2
AtlantaGA2344,AtlantaGA4074,2
AtlantaGA2344,AtlantaGA4102,2
DublinIreland4039,London4044,1
Lees+SummitMO5503,Kansas+CityMO4082,1
Lees+SummitMO5504,Kansas+CityMO4043,1
San+JoseCA6742,San+JoseCA4062,4
San+JoseCA6742,San+JoseCA4132,2
AtlantaGA2347,AtlantaGA4032,2
AtlantaGA2347,AtlantaGA4074,2
AtlantaGA2347,AtlantaGA4102,2
AtlantaGA2347,OrlandoFL6693,4.5
Lees+SummitMO5505,Kansas+CityMO4082,1
AnaheimCA6702,AnaheimCA4099,8
AnaheimCA6702,AnaheimCA4101,2
AnaheimCA6702,AnaheimCA4031,2
AnaheimCA6702,AnaheimCA4073,2
AnaheimCA6702,AnaheimCA6721,2
AnaheimCA6702,AnaheimCA4100,2
San+JoseCA4132,San+JoseCA4062,4
San+JoseCA4132,San+JoseCA4119,4
San+JoseCA4132,San+JoseCA4112,4
San+JoseCA4132,San+JoseCA6742,2
San+JoseCA4132,StocktonCA4096,3
DallasTX6706,DallasTX2635,2.5
DallasTX6706,DallasTX4015,2.5
DallasTX6706,DallasTX4080,2.5
DallasTX6706,New+YorkNY4028,2.5
DallasTX6706,DallasTX4115,3.5
ChicagoIL6621,ChicagoIL1391,2
ChicagoIL6621,ChicagoIL4122,2
ChicagoIL6621,ChicagoIL4036,2
ChicagoIL6621,ChicagoIL1484,2
ChicagoIL6621,ChicagoIL4037,2
ChicagoIL6621,ChicagoIL4104,2
